country,1975,1976,1977,1978,1979,1980,1981,1982,1983,1984,1985,1986,1987,1988,1989,1990,1991,1992,1993,1994,1995,1996,1997,1998,1999,2000,2001,2002,2003,2004,2005,2006,2007,2008,2009,2010,2011,2012,2013,2014,2015,2016,2017,2018
Afghanistan,0.045,0.045,0.045,0.0086,0.117,0.117,0.117,0.117,0.117,0.117,0.117,0.117,0.117,0.157,0.157,0.157,0.157,0.168,0.0936,0.0981,0.0995,0.102,0.102,0.102,0.103,0.104,0.104,0.315,0.338,0.346,0.305,0.305,0.305,0.305,0.321,0.321,0.321,0.321,0.343,0.338,0.338,0.316,0.339,0.351
Albania,0.498,0.529,0.529,0.575,0.575,0.575,0.575,0.565,0.565,0.565,0.565,0.565,0.564,0.564,0.564,0.544,0.392,0.417,0.417,0.417,0.417,0.486,0.403,0.421,0.432,0.432,0.479,0.479,0.483,0.487,0.524,0.524,0.524,0.524,0.535,0.538,0.535,0.535,0.588,0.588,0.588,0.588,0.623,0.676
Algeria,0.334,0.334,0.32,0.32,0.32,0.329,0.329,0.312,0.312,0.332,0.332,0.332,0.369,0.347,0.347,0.36,0.371,0.376,0.381,0.389,0.386,0.386,0.375,0.375,0.354,0.376,0.376,0.385,0.385,0.385,0.385,0.385,0.423,0.423,0.428,0.428,0.441,0.44,0.535,0.575,0.575,0.581,0.519,0.533
Angola,0.367,0.367,0.367,0.367,0.367,0.406,0.406,0.406,0.406,0.406,0.406,0.432,0.432,0.432,0.432,0.432,0.44,0.44,0.405,0.405,0.405,0.405,0.405,0.421,0.421,0.421,0.421,0.448,0.476,0.476,0.476,0.476,0.476,0.512,0.466,0.47,0.47,0.47,0.524,0.524,0.524,0.524,0.598,0.646
Argentina,0.422,0.32,0.32,0.322,0.317,0.317,0.311,0.312,0.412,0.492,0.492,0.492,0.503,0.503,0.501,0.501,0.515,0.578,0.607,0.607,0.623,0.628,0.668,0.668,0.674,0.674,0.674,0.674,0.693,0.705,0.705,0.705,0.792,0.792,0.792,0.792,0.806,0.808,0.716,0.716,0.673,0.645,0.652,0.657
Armenia,,,,,,,,,,,,,,,,,0.422,0.422,0.425,0.425,0.391,0.425,0.425,0.393,0.374,0.374,0.374,0.374,0.433,0.436,0.436,0.436,0.459,0.479,0.488,0.478,0.473,0.483,0.493,0.493,0.495,0.515,0.551,0.557
Australia,0.53,0.53,0.528,0.532,0.532,0.535,0.535,0.535,0.579,0.581,0.581,0.629,0.644,0.644,0.644,0.7,0.7,0.7,0.714,0.714,0.714,0.735,0.735,0.754,0.754,0.76,0.76,0.76,0.76,0.772,0.772,0.778,0.795,0.795,0.795,0.82,0.82,0.82,0.713,0.713,0.707,0.745,0.745,0.731
Austria,0.483,0.51,0.51,0.51,0.518,0.543,0.543,0.543,0.54,0.54,0.54,0.583,0.583,0.583,0.587,0.605,0.605,0.605,0.605,0.61,0.699,0.703,0.703,0.703,0.703,0.703,0.703,0.713,0.713,0.713,0.713,0.713,0.718,0.71,0.71,0.71,0.71,0.71,0.696,0.696,0.696,0.674,0.752,0.732
Azerbaijan,,,,,,,,,,,,,,,,,0.275,0.298,0.275,0.275,0.317,0.32,0.32,0.32,0.32,0.349,0.349,0.349,0.351,0.366,0.372,0.369,0.369,0.369,0.371,0.379,0.379,0.379,0.367,0.364,0.367,0.367,0.389,0.408
Bahrain,0.189,0.189,0.189,0.189,0.189,0.189,0.193,0.193,0.193,0.193,0.193,0.193,0.193,0.193,0.196,0.211,0.211,0.175,0.175,0.175,0.175,0.175,0.177,0.177,0.177,0.177,0.177,0.265,0.265,0.265,0.265,0.303,0.303,0.305,0.305,0.31,0.342,0.342,0.342,0.335,0.335,0.335,0.335,0.335
Bangladesh,0.479,0.479,0.479,0.49,0.486,0.486,0.488,0.488,0.488,0.514,0.514,0.498,0.498,0.504,0.504,0.504,0.527,0.53,0.53,0.53,0.53,0.531,0.531,0.531,0.531,0.533,0.465,0.465,0.465,0.465,0.529,0.529,0.541,0.573,0.579,0.579,0.579,0.579,0.579,0.573,0.573,0.567,0.486,0.466
Belarus,,,,,,,,,,,,,,,,,0.423,0.46,0.594,0.561,0.568,0.568,0.568,0.568,0.568,0.587,0.584,0.584,0.588,0.635,0.635,0.651,0.651,0.659,0.659,0.659,0.659,0.656,0.61,0.622,0.622,0.609,0.609,0.609
Belgium,0.544,0.544,0.552,0.589,0.589,0.589,0.622,0.633,0.641,0.641,0.61,0.61,0.632,0.632,0.639,0.76,0.819,0.819,0.819,0.819,0.819,0.819,0.819,0.819,0.869,0.869,0.869,0.869,0.943,0.943,0.943,0.943,0.926,0.926,0.949,0.949,0.949,0.949,0.847,0.836,0.844,0.844,0.825,0.825
Benin,0.519,0.519,0.519,0.519,0.542,0.542,0.542,0.542,0.542,0.527,0.528,0.528,0.528,0.528,0.525,0.587,0.523,0.546,0.546,0.546,0.606,0.553,0.553,0.553,0.606,0.606,0.55,0.55,0.609,0.609,0.61,0.569,0.588,0.595,0.595,0.595,0.591,0.584,0.601,0.601,0.61,0.619,0.643,0.624
Bolivia,0.288,0.288,0.288,0.288,0.276,0.276,0.276,0.276,0.308,0.308,0.315,0.315,0.315,0.315,0.383,0.383,0.383,0.383,0.352,0.412,0.423,0.423,0.455,0.455,0.455,0.447,0.447,0.469,0.469,0.469,0.475,0.517,0.517,0.517,0.548,0.541,0.541,0.541,0.552,0.577,0.572,0.577,0.567,0.567
Bosnia and Herzegovina,,,,,,,,,,,,,,,,,,0.491,0.491,0.491,0.491,0.467,0.471,0.504,0.504,0.558,0.558,0.582,0.582,0.582,0.586,0.594,0.586,0.586,0.604,0.541,0.541,0.541,0.517,0.578,0.578,0.609,0.609,0.609
Botswana,0.308,0.382,0.308,0.308,0.34,0.342,0.342,0.342,0.344,0.357,0.359,0.39,0.39,0.39,0.404,0.417,0.417,0.417,0.417,0.442,0.442,0.442,0.442,0.444,0.483,0.483,0.483,0.483,0.485,0.488,0.488,0.488,0.488,0.508,0.505,0.505,0.505,0.505,0.523,0.544,0.566,0.566,0.556,0.55
Brazil,0.341,0.344,0.344,0.349,0.349,0.349,0.351,0.371,0.371,0.371,0.422,0.463,0.463,0.501,0.504,0.507,0.507,0.51,0.51,0.513,0.559,0.552,0.552,0.564,0.566,0.566,0.566,0.606,0.606,0.609,0.609,0.609,0.609,0.628,0.628,0.699,0.699,0.699,0.687,0.697,0.697,0.55,0.55,0.55
Bulgaria,0.67,0.659,0.659,0.659,0.659,0.659,0.674,0.674,0.674,0.674,0.68,0.691,0.691,0.691,0.697,0.733,0.741,0.741,0.741,0.751,0.757,0.757,0.766,0.766,0.766,0.773,0.793,0.793,0.793,0.793,0.779,0.791,0.791,0.791,0.821,0.821,0.832,0.82,0.864,0.791,0.791,0.828,0.816,0.779
Burkina Faso,0.472,0.472,0.472,0.42,0.42,0.385,0.395,0.395,0.427,0.427,0.435,0.435,0.435,0.446,0.491,0.438,0.459,0.481,0.481,0.481,0.473,0.473,0.504,0.508,0.508,0.508,0.508,0.516,0.516,0.516,0.527,0.527,0.524,0.533,0.533,0.515,0.515,0.508,0.487,0.495,0.484,0.492,0.514,0.552
Burundi,0.17,0.17,0.217,0.217,0.217,0.217,0.223,0.246,0.246,0.275,0.275,0.275,0.275,0.275,0.275,0.277,0.277,0.313,0.402,0.388,0.388,0.388,0.388,0.399,0.399,0.42,0.42,0.433,0.433,0.433,0.477,0.465,0.465,0.465,0.467,0.466,0.463,0.463,0.476,0.508,0.49,0.426,0.457,0.503
Cambodia,0.27,0.447,0.447,0.447,0.447,0.256,0.233,0.233,0.239,0.239,0.239,0.239,0.24,0.24,0.24,0.24,0.24,0.281,0.287,0.382,0.382,0.385,0.385,0.401,0.401,0.401,0.401,0.401,0.408,0.408,0.408,0.408,0.421,0.419,0.426,0.426,0.426,0.426,0.481,0.481,0.481,0.481,0.45,0.405
Cameroon,0.222,0.222,0.222,0.233,0.233,0.233,0.238,0.238,0.243,0.25,0.25,0.25,0.25,0.255,0.255,0.355,0.355,0.36,0.36,0.363,0.363,0.363,0.345,0.345,0.345,0.408,0.408,0.418,0.418,0.418,0.418,0.418,0.429,0.432,0.432,0.453,0.457,0.457,0.465,0.465,0.465,0.473,0.473,0.436
Canada,0.579,0.583,0.583,0.583,0.583,0.601,0.601,0.638,0.638,0.689,0.689,0.689,0.689,0.677,0.677,0.677,0.684,0.684,0.75,0.75,0.75,0.75,0.787,0.787,0.787,0.796,0.796,0.796,0.796,0.787,0.787,0.787,0.787,0.796,0.803,0.803,0.799,0.799,0.739,0.739,0.827,0.813,0.813,0.813
Central African Republic,0.311,0.311,0.311,0.311,0.311,0.353,0.38,0.38,0.38,0.38,0.38,0.385,0.39,0.39,0.39,0.39,0.39,0.41,0.445,0.445,0.445,0.445,0.445,0.448,0.448,0.448,0.448,0.448,0.448,0.45,0.473,0.473,0.473,0.473,0.473,0.473,0.473,0.476,0.499,0.513,0.594,0.562,0.525,0.584
Chad,0.187,0.187,0.187,0.187,0.187,0.187,0.187,0.172,0.172,0.172,0.172,0.172,0.172,0.172,0.172,0.184,0.316,0.324,0.327,0.327,0.327,0.369,0.323,0.323,0.323,0.339,0.339,0.379,0.379,0.385,0.385,0.388,0.373,0.363,0.363,0.343,0.381,0.385,0.415,0.443,0.443,0.451,0.443,0.443
Chile,0.206,0.208,0.208,0.208,0.208,0.208,0.208,0.209,0.209,0.209,0.209,0.209,0.209,0.209,0.21,0.362,0.362,0.362,0.473,0.473,0.473,0.473,0.404,0.413,0.413,0.672,0.675,0.679,0.679,0.679,0.693,0.693,0.693,0.699,0.687,0.666,0.666,0.666,0.654,0.697,0.658,0.658,0.658,0.651
China,0.511,0.511,0.511,0.494,0.494,0.494,0.494,0.497,0.497,0.497,0.497,0.483,0.483,0.483,0.483,0.483,0.483,0.483,0.483,0.486,0.486,0.486,0.486,0.486,0.486,0.486,0.486,0.471,0.471,0.469,0.474,0.474,0.474,0.474,0.474,0.46,0.46,0.46,0.468,0.468,0.483,0.483,0.476,0.469
Colombia,0.324,0.326,0.326,0.308,0.308,0.326,0.326,0.321,0.323,0.323,0.323,0.341,0.341,0.342,0.342,0.404,0.503,0.506,0.506,0.55,0.55,0.554,0.554,0.513,0.513,0.559,0.559,0.613,0.613,0.617,0.617,0.591,0.591,0.591,0.595,0.605,0.614,0.614,0.612,0.631,0.635,0.626,0.626,0.559
"Congo, Dem. Rep.",0.179,0.179,0.151,0.151,0.151,0.196,0.196,0.212,0.212,0.207,0.207,0.207,0.222,0.222,0.222,0.262,0.262,0.28,0.358,0.353,0.353,0.353,0.353,0.353,0.353,0.353,0.353,0.353,0.356,0.384,0.384,0.375,0.375,0.387,0.371,0.371,0.401,0.401,0.429,0.431,0.431,0.465,0.485,0.492
"Congo, Rep.",0.229,0.234,0.237,0.237,0.239,0.239,0.239,0.239,0.239,0.298,0.298,0.303,0.303,0.303,0.312,0.323,0.307,0.313,0.26,0.264,0.264,0.264,0.298,0.313,0.313,0.313,0.313,0.324,0.338,0.338,0.338,0.338,0.325,0.325,0.325,0.325,0.325,0.377,0.42,0.425,0.425,0.425,0.45,0.497
Costa Rica,0.445,0.445,0.445,0.467,0.51,0.51,0.51,0.456,0.456,0.458,0.458,0.517,0.572,0.596,0.596,0.691,0.723,0.723,0.723,0.736,0.736,0.736,0.736,0.76,0.76,0.798,0.798,0.833,0.833,0.833,0.833,0.865,0.865,0.865,0.933,0.917,0.917,0.917,0.895,0.913,0.913,0.913,0.9,0.918
Cote d'Ivoire,0.319,0.319,0.319,0.323,0.323,0.309,0.313,0.313,0.313,0.313,0.313,0.313,0.313,0.313,0.313,0.348,0.348,0.348,0.348,0.398,0.448,0.448,0.448,0.448,0.448,0.503,0.475,0.475,0.475,0.475,0.479,0.479,0.479,0.479,0.479,0.55,0.533,0.533,0.574,0.574,0.566,0.566,0.533,0.527
Croatia,,,,,,,,,,,,,,,,,0.458,0.499,0.499,0.499,0.534,0.534,0.576,0.576,0.576,0.716,0.719,0.719,0.719,0.674,0.674,0.674,0.691,0.691,0.696,0.708,0.702,0.702,0.675,0.675,0.642,0.644,0.641,0.641
Cuba,0.445,0.479,0.479,0.479,0.594,0.594,0.594,0.594,0.598,0.598,0.598,0.605,0.605,0.605,0.605,0.605,0.605,0.605,0.61,0.614,0.614,0.614,0.614,0.628,0.632,0.632,0.632,0.632,0.636,0.636,0.64,0.64,0.64,0.648,0.648,0.641,0.645,0.645,0.685,0.685,0.685,0.699,0.699,0.699
Cyprus,0.358,0.358,0.366,0.366,0.381,0.41,0.42,0.42,0.42,0.42,0.415,0.42,0.42,0.42,0.42,0.472,0.501,0.501,0.534,0.534,0.534,0.501,0.507,0.507,0.507,0.552,0.569,0.569,0.597,0.613,0.613,0.633,0.633,0.625,0.62,0.625,0.661,0.639,0.633,0.639,0.639,0.639,0.655,0.657
Czech Republic,0.462,0.462,0.462,0.462,0.462,0.462,0.462,0.465,0.465,0.465,0.465,0.488,0.488,0.488,0.491,0.632,0.632,0.618,0.622,0.622,0.627,0.639,0.639,0.639,0.639,0.644,0.644,0.666,0.666,0.666,0.666,0.663,0.663,0.663,0.663,0.665,0.665,0.665,0.652,0.652,0.652,0.652,0.697,0.702
Denmark,0.73,0.73,0.735,0.735,0.761,0.761,0.767,0.767,0.767,0.797,0.797,0.797,0.782,0.789,0.789,0.854,0.854,0.854,0.854,0.894,0.894,0.894,0.9,0.919,0.919,0.919,0.898,0.898,0.898,0.906,0.892,0.892,0.906,0.906,0.906,0.906,0.927,0.927,0.918,0.918,0.883,0.883,0.883,0.883
Dominican Republic,0.349,0.349,0.356,0.374,0.405,0.418,0.418,0.387,0.387,0.392,0.392,0.388,0.388,0.388,0.392,0.428,0.428,0.428,0.433,0.486,0.486,0.47,0.555,0.567,0.567,0.567,0.567,0.571,0.571,0.573,0.577,0.581,0.589,0.602,0.602,0.61,0.61,0.643,0.65,0.65,0.643,0.652,0.652,0.652
Ecuador,0.113,0.113,0.113,0.113,0.23,0.282,0.282,0.284,0.284,0.281,0.281,0.268,0.268,0.289,0.289,0.301,0.301,0.315,0.315,0.312,0.312,0.359,0.339,0.43,0.433,0.463,0.463,0.463,0.463,0.465,0.465,0.461,0.493,0.534,0.539,0.542,0.592,0.592,0.624,0.624,0.629,0.742,0.728,0.728
Egypt,0.243,0.236,0.236,0.236,0.27,0.27,0.27,0.282,0.286,0.295,0.295,0.295,0.278,0.278,0.278,0.272,0.275,0.275,0.283,0.283,0.276,0.298,0.298,0.298,0.301,0.307,0.307,0.307,0.307,0.307,0.284,0.284,0.284,0.284,0.284,0.324,0.361,0.362,0.34,0.36,0.363,0.363,0.37,0.379
El Salvador,0.308,0.308,0.308,0.315,0.344,0.399,0.399,0.412,0.412,0.412,0.412,0.412,0.412,0.426,0.426,0.429,0.419,0.447,0.43,0.465,0.465,0.465,0.478,0.478,0.478,0.462,0.462,0.462,0.468,0.477,0.477,0.498,0.498,0.498,0.513,0.517,0.517,0.525,0.497,0.487,0.485,0.485,0.492,0.486
Equatorial Guinea,0.236,0.236,0.236,0.236,0.23,0.292,0.282,0.32,0.32,0.334,0.334,0.334,0.334,0.337,0.337,0.337,0.337,0.337,0.362,0.357,0.357,0.371,0.375,0.375,0.373,0.373,0.373,0.35,0.35,0.379,0.383,0.383,0.383,0.356,0.387,0.387,0.387,0.369,0.388,0.389,0.393,0.408,0.409,0.374
Eritrea,,,,,,,,,,,,,,,,,,,0.228,0.289,0.289,0.289,0.289,0.289,0.294,0.294,0.294,0.294,0.294,0.294,0.294,0.294,0.294,0.294,0.294,0.294,0.294,0.294,0.299,0.299,0.299,0.323,0.299,0.323
Estonia,,,,,,,,,,,,,,,,,0.802,0.804,0.813,0.813,0.81,0.81,0.81,0.81,0.797,0.797,0.797,0.797,0.801,0.801,0.801,0.801,0.819,0.819,0.826,0.826,0.801,0.807,0.731,0.726,0.745,0.782,0.774,0.774
Ethiopia,0.222,0.234,0.234,0.234,0.234,0.234,0.234,0.234,0.234,0.234,0.234,0.234,0.269,0.193,0.193,0.193,0.252,0.275,0.275,0.352,0.359,0.352,0.352,0.357,0.357,0.39,0.39,0.39,0.39,0.39,0.415,0.415,0.415,0.415,0.415,0.424,0.424,0.424,0.431,0.434,0.433,0.459,0.445,0.478
Finland,0.692,0.695,0.695,0.695,0.711,0.737,0.741,0.741,0.731,0.731,0.731,0.731,0.753,0.753,0.753,0.753,0.792,0.799,0.799,0.799,0.829,0.886,0.886,0.898,0.898,0.898,0.898,0.898,0.918,0.918,0.918,0.918,0.918,0.918,0.918,0.937,0.937,0.937,0.937,0.937,0.937,0.937,0.925,0.925
France,0.565,0.569,0.569,0.589,0.589,0.589,0.605,0.605,0.605,0.605,0.605,0.583,0.583,0.611,0.611,0.723,0.723,0.723,0.707,0.707,0.751,0.751,0.757,0.801,0.801,0.808,0.808,0.8,0.8,0.8,0.8,0.8,0.854,0.854,0.854,0.854,0.854,0.949,0.905,0.905,0.905,0.905,0.94,0.94
Gabon,0.334,0.334,0.337,0.337,0.337,0.368,0.371,0.371,0.374,0.374,0.378,0.378,0.378,0.378,0.378,0.4,0.519,0.519,0.519,0.519,0.519,0.509,0.521,0.522,0.522,0.522,0.532,0.532,0.532,0.532,0.515,0.557,0.564,0.564,0.568,0.568,0.564,0.539,0.574,0.574,0.574,0.577,0.59,0.603
Gambia,0.291,0.291,0.312,0.312,0.312,0.312,0.312,0.338,0.338,0.338,0.338,0.338,0.346,0.346,0.35,0.35,0.35,0.359,0.35,0.395,0.431,0.438,0.431,0.431,0.431,0.431,0.431,0.47,0.446,0.467,0.469,0.471,0.462,0.455,0.451,0.451,0.45,0.45,0.449,0.453,0.453,0.454,0.473,0.495
Georgia,,,,,,,,,,,,,,,,,0.533,0.557,0.558,0.558,0.557,0.557,0.557,0.557,0.569,0.574,0.574,0.574,0.574,0.614,0.632,0.632,0.632,0.603,0.601,0.605,0.605,0.586,0.617,0.617,0.654,0.665,0.678,0.651
Germany,0.572,0.574,0.574,0.574,0.574,0.595,0.599,0.599,0.602,0.602,0.602,0.602,0.63,0.63,0.633,0.684,0.684,0.684,0.684,0.689,0.689,0.693,0.693,0.769,0.807,0.807,0.807,0.832,0.832,0.832,0.89,0.89,0.89,0.89,0.894,0.894,0.894,0.894,0.872,0.872,0.872,0.872,0.857,0.831
Ghana,0.343,0.347,0.347,0.347,0.374,0.379,0.379,0.402,0.395,0.395,0.395,0.402,0.402,0.406,0.406,0.406,0.406,0.424,0.554,0.554,0.554,0.554,0.554,0.556,0.556,0.565,0.539,0.539,0.539,0.545,0.545,0.545,0.545,0.557,0.557,0.559,0.559,0.568,0.558,0.558,0.551,0.576,0.628,0.628
Greece,0.45,0.494,0.5,0.5,0.5,0.5,0.537,0.565,0.6,0.6,0.59,0.59,0.59,0.59,0.623,0.647,0.647,0.647,0.644,0.644,0.644,0.644,0.672,0.672,0.672,0.696,0.729,0.729,0.729,0.724,0.724,0.69,0.694,0.694,0.735,0.735,0.74,0.69,0.718,0.718,0.737,0.737,0.752,0.785
Guatemala,0.185,0.185,0.185,0.178,0.178,0.178,0.178,0.209,0.218,0.235,0.311,0.325,0.325,0.325,0.325,0.359,0.359,0.359,0.359,0.379,0.391,0.495,0.495,0.495,0.507,0.51,0.51,0.51,0.51,0.513,0.513,0.513,0.529,0.529,0.529,0.529,0.533,0.533,0.574,0.574,0.558,0.558,0.563,0.552
Guinea,0.373,0.373,0.373,0.373,0.373,0.373,0.373,0.373,0.373,0.373,0.373,0.373,0.373,0.373,0.373,0.373,0.382,0.4,0.419,0.419,0.397,0.397,0.397,0.405,0.405,0.405,0.405,0.432,0.432,0.432,0.432,0.432,0.432,0.432,0.414,0.435,0.437,0.437,0.402,0.402,0.396,0.396,0.396,0.432
Guinea-Bissau,0.358,0.37,0.37,0.37,0.37,0.388,0.388,0.388,0.388,0.39,0.39,0.39,0.39,0.39,0.395,0.395,0.395,0.395,0.421,0.457,0.457,0.457,0.457,0.457,0.439,0.438,0.438,0.44,0.45,0.471,0.456,0.456,0.456,0.458,0.461,0.461,0.461,0.471,0.492,0.495,0.495,0.495,0.481,0.51
Haiti,0.276,0.276,0.276,0.276,0.285,0.285,0.291,0.291,0.307,0.319,0.319,0.299,0.345,0.361,0.361,0.452,0.456,0.463,0.463,0.459,0.459,0.459,0.459,0.459,0.459,0.459,0.459,0.459,0.459,0.456,0.456,0.46,0.466,0.466,0.466,0.49,0.462,0.462,0.402,0.402,0.398,0.398,0.398,0.406
Honduras,0.257,0.257,0.257,0.257,0.257,0.257,0.281,0.326,0.326,0.333,0.329,0.329,0.329,0.331,0.338,0.408,0.419,0.446,0.43,0.434,0.458,0.458,0.466,0.47,0.47,0.47,0.457,0.459,0.459,0.459,0.56,0.594,0.599,0.599,0.527,0.543,0.572,0.572,0.564,0.566,0.566,0.566,0.571,0.567
Hungary,0.497,0.497,0.502,0.502,0.502,0.502,0.502,0.502,0.502,0.502,0.499,0.499,0.499,0.499,0.558,0.646,0.646,0.646,0.646,0.659,0.659,0.663,0.644,0.633,0.633,0.633,0.633,0.667,0.673,0.671,0.671,0.663,0.665,0.665,0.665,0.612,0.612,0.612,0.67,0.699,0.673,0.701,0.701,0.578
India,0.385,0.385,0.4,0.4,0.4,0.432,0.432,0.442,0.447,0.509,0.509,0.509,0.509,0.509,0.429,0.429,0.49,0.501,0.501,0.523,0.535,0.475,0.475,0.518,0.543,0.543,0.546,0.532,0.532,0.512,0.512,0.512,0.518,0.518,0.553,0.521,0.523,0.504,0.497,0.491,0.504,0.504,0.498,0.517
Indonesia,0.283,0.283,0.317,0.317,0.317,0.317,0.317,0.3,0.3,0.303,0.303,0.303,0.347,0.347,0.347,0.347,0.347,0.347,0.35,0.35,0.35,0.35,0.359,0.46,0.506,0.513,0.513,0.544,0.544,0.594,0.539,0.539,0.539,0.539,0.52,0.545,0.545,0.548,0.514,0.514,0.533,0.533,0.53,0.524
Iran,0.257,0.257,0.257,0.257,0.197,0.152,0.152,0.157,0.157,0.182,0.157,0.157,0.157,0.191,0.184,0.184,0.184,0.217,0.184,0.187,0.187,0.23,0.282,0.304,0.304,0.337,0.299,0.299,0.302,0.302,0.291,0.279,0.279,0.312,0.29,0.282,0.282,0.304,0.408,0.408,0.413,0.457,0.312,0.388
Iraq,0.155,0.155,0.18,0.18,0.18,0.234,0.234,0.234,0.234,0.252,0.252,0.252,0.252,0.252,0.25,0.25,0.239,0.192,0.192,0.192,0.192,0.181,0.181,0.187,0.187,0.19,0.19,0.19,0.357,0.402,0.43,0.431,0.431,0.431,0.435,0.4,0.4,0.4,0.42,0.386,0.386,0.376,0.392,0.392
Ireland,0.343,0.345,0.39,0.39,0.39,0.407,0.466,0.474,0.488,0.488,0.506,0.51,0.51,0.51,0.51,0.565,0.565,0.597,0.597,0.631,0.631,0.631,0.65,0.65,0.65,0.65,0.65,0.631,0.631,0.631,0.631,0.635,0.659,0.659,0.665,0.665,0.64,0.712,0.679,0.679,0.701,0.752,0.752,0.752
Israel,0.576,0.576,0.562,0.567,0.567,0.567,0.57,0.57,0.57,0.574,0.574,0.574,0.574,0.575,0.575,0.575,0.575,0.603,0.603,0.607,0.607,0.597,0.597,0.597,0.612,0.612,0.624,0.624,0.631,0.631,0.631,0.629,0.629,0.629,0.642,0.642,0.642,0.642,0.652,0.652,0.655,0.655,0.647,0.657
Italy,0.462,0.511,0.511,0.511,0.485,0.504,0.504,0.504,0.529,0.529,0.533,0.533,0.532,0.532,0.532,0.532,0.609,0.606,0.623,0.646,0.646,0.641,0.641,0.641,0.641,0.641,0.646,0.646,0.646,0.649,0.649,0.673,0.673,0.692,0.692,0.692,0.692,0.692,0.775,0.775,0.775,0.775,0.792,0.618
Jamaica,0.584,0.601,0.601,0.601,0.608,0.66,0.66,0.66,0.664,0.664,0.672,0.672,0.672,0.672,0.652,0.711,0.719,0.719,0.734,0.734,0.734,0.734,0.749,0.749,0.756,0.756,0.756,0.744,0.744,0.744,0.744,0.785,0.788,0.788,0.788,0.788,0.798,0.798,0.826,0.826,0.826,0.878,0.855,0.855
Japan,0.418,0.418,0.418,0.418,0.421,0.418,0.418,0.421,0.421,0.421,0.421,0.473,0.473,0.473,0.476,0.511,0.511,0.511,0.511,0.511,0.524,0.51,0.513,0.513,0.513,0.538,0.551,0.551,0.56,0.563,0.56,0.56,0.56,0.56,0.55,0.55,0.55,0.559,0.573,0.583,0.557,0.557,0.578,0.567
Jordan,0.142,0.142,0.142,0.142,0.142,0.209,0.214,0.214,0.214,0.224,0.224,0.224,0.224,0.247,0.329,0.329,0.329,0.329,0.359,0.359,0.359,0.362,0.332,0.332,0.332,0.338,0.343,0.349,0.402,0.402,0.402,0.402,0.407,0.407,0.411,0.411,0.423,0.423,0.419,0.423,0.423,0.446,0.435,0.435
Kazakhstan,,,,,,,,,,,,,,,,,0.533,0.533,0.533,0.533,0.541,0.545,0.548,0.548,0.546,0.546,0.546,0.546,0.546,0.549,0.553,0.553,0.572,0.572,0.561,0.572,0.564,0.58,0.567,0.567,0.567,0.599,0.584,0.609
Kenya,0.263,0.263,0.263,0.263,0.256,0.261,0.295,0.295,0.267,0.267,0.267,0.272,0.272,0.272,0.272,0.299,0.299,0.388,0.4,0.4,0.4,0.4,0.396,0.396,0.396,0.422,0.413,0.421,0.421,0.421,0.421,0.421,0.453,0.457,0.457,0.491,0.504,0.504,0.525,0.525,0.525,0.534,0.474,0.459
Kuwait,0.147,0.147,0.147,0.147,0.147,0.147,0.147,0.147,0.147,0.147,0.147,0.147,0.149,0.149,0.149,0.166,0.166,0.177,0.177,0.177,0.177,0.177,0.177,0.177,0.177,0.18,0.18,0.18,0.18,0.18,0.237,0.279,0.279,0.297,0.335,0.335,0.335,0.337,0.325,0.325,0.325,0.315,0.319,0.362
Kyrgyz Republic,,,,,,,,,,,,,,,,,0.443,0.443,0.443,0.445,0.478,0.478,0.478,0.478,0.478,0.49,0.49,0.49,0.49,0.49,0.463,0.466,0.53,0.53,0.54,0.548,0.542,0.545,0.55,0.55,0.517,0.574,0.616,0.566
Lao,0.254,0.347,0.347,0.351,0.351,0.351,0.351,0.351,0.351,0.351,0.351,0.351,0.351,0.351,0.36,0.364,0.364,0.385,0.385,0.385,0.385,0.385,0.406,0.406,0.406,0.406,0.406,0.409,0.409,0.422,0.422,0.438,0.438,0.438,0.438,0.438,0.444,0.444,0.451,0.451,0.451,0.453,0.508,0.492
Latvia,,,,,,,,,,,,,,,,,0.594,0.646,0.669,0.669,0.656,0.656,0.661,0.724,0.724,0.724,0.724,0.72,0.746,0.771,0.771,0.775,0.775,0.775,0.779,0.766,0.795,0.795,0.778,0.759,0.759,0.796,0.777,0.777
Lebanon,0.257,0.257,0.257,0.257,0.257,0.257,0.257,0.257,0.257,0.257,0.257,0.26,0.26,0.26,0.26,0.26,0.272,0.283,0.283,0.286,0.286,0.286,0.286,0.286,0.286,0.286,0.289,0.289,0.289,0.289,0.362,0.388,0.388,0.391,0.379,0.379,0.379,0.379,0.385,0.385,0.389,0.388,0.388,0.406
Lesotho,0.469,0.469,0.469,0.469,0.469,0.498,0.498,0.498,0.498,0.498,0.457,0.463,0.469,0.483,0.491,0.502,0.502,0.516,0.519,0.519,0.519,0.519,0.519,0.532,0.532,0.532,0.532,0.563,0.558,0.558,0.558,0.558,0.602,0.602,0.602,0.602,0.602,0.632,0.717,0.717,0.71,0.71,0.669,0.653
Liberia,0.269,0.269,0.269,0.269,0.269,0.416,0.416,0.416,0.419,0.419,0.424,0.424,0.424,0.424,0.424,0.451,0.451,0.451,0.451,0.455,0.451,0.451,0.483,0.483,0.483,0.496,0.497,0.497,0.497,0.559,0.689,0.735,0.735,0.735,0.735,0.718,0.715,0.715,0.715,0.715,0.715,0.715,0.648,0.628
Libya,0.195,0.195,0.169,0.169,0.169,0.169,0.169,0.169,0.169,0.169,0.169,0.169,0.169,0.174,0.174,0.174,0.174,0.174,0.174,0.174,0.174,0.174,0.174,0.174,0.174,0.179,0.179,0.179,0.179,0.179,0.215,0.227,0.227,0.227,0.227,0.227,0.25,0.364,0.403,0.374,0.39,0.39,0.357,0.35
Lithuania,,,,,,,,,,,,,,,,,0.579,0.576,0.576,0.576,0.576,0.632,0.647,0.647,0.647,0.626,0.626,0.63,0.63,0.709,0.709,0.714,0.714,0.7,0.709,0.721,0.721,0.732,0.726,0.726,0.726,0.735,0.771,0.771
Madagascar,0.36,0.435,0.469,0.469,0.469,0.475,0.478,0.466,0.468,0.468,0.468,0.468,0.468,0.468,0.489,0.489,0.489,0.491,0.501,0.511,0.514,0.485,0.485,0.508,0.508,0.508,0.508,0.516,0.519,0.529,0.529,0.529,0.565,0.609,0.614,0.621,0.623,0.63,0.645,0.645,0.645,0.645,0.575,0.568
Malawi,0.151,0.151,0.151,0.185,0.185,0.185,0.185,0.185,0.177,0.177,0.177,0.177,0.19,0.194,0.194,0.194,0.194,0.165,0.244,0.333,0.404,0.408,0.408,0.408,0.433,0.508,0.508,0.508,0.508,0.524,0.536,0.538,0.538,0.538,0.56,0.564,0.568,0.568,0.583,0.54,0.527,0.52,0.52,0.52
Malaysia,0.424,0.427,0.427,0.434,0.434,0.434,0.434,0.434,0.434,0.437,0.437,0.445,0.445,0.445,0.445,0.451,0.451,0.451,0.451,0.451,0.458,0.458,0.458,0.461,0.467,0.48,0.48,0.48,0.48,0.473,0.473,0.473,0.476,0.498,0.495,0.498,0.498,0.498,0.498,0.498,0.498,0.498,0.498,0.552
Mali,0.384,0.384,0.384,0.384,0.38,0.38,0.38,0.379,0.379,0.379,0.383,0.383,0.383,0.373,0.373,0.373,0.429,0.474,0.474,0.474,0.474,0.474,0.534,0.535,0.534,0.535,0.535,0.538,0.538,0.538,0.538,0.538,0.538,0.538,0.538,0.538,0.538,0.538,0.542,0.539,0.539,0.531,0.539,0.517
Mauritania,0.351,0.351,0.351,0.356,0.272,0.262,0.262,0.262,0.262,0.262,0.262,0.262,0.262,0.262,0.262,0.262,0.262,0.289,0.315,0.315,0.315,0.323,0.323,0.323,0.323,0.323,0.337,0.337,0.337,0.337,0.371,0.417,0.421,0.421,0.421,0.424,0.424,0.424,0.494,0.497,0.497,0.497,0.424,0.449
Mauritius,0.312,0.328,0.333,0.333,0.333,0.411,0.411,0.433,0.437,0.437,0.437,0.437,0.44,0.44,0.44,0.44,0.423,0.423,0.423,0.423,0.457,0.457,0.457,0.457,0.457,0.436,0.436,0.436,0.436,0.436,0.479,0.482,0.482,0.482,0.482,0.477,0.477,0.477,0.555,0.554,0.557,0.557,0.57,0.637
Mexico,0.296,0.303,0.306,0.306,0.341,0.341,0.341,0.35,0.35,0.35,0.376,0.376,0.376,0.386,0.386,0.386,0.38,0.38,0.38,0.458,0.485,0.485,0.485,0.485,0.485,0.49,0.511,0.511,0.521,0.521,0.521,0.525,0.537,0.537,0.54,0.56,0.56,0.549,0.543,0.543,0.543,0.543,0.523,0.573
Moldova,,,,,,,,,,,,,,,,,0.479,0.479,0.479,0.489,0.492,0.492,0.492,0.508,0.508,0.508,0.564,0.564,0.564,0.574,0.646,0.646,0.646,0.654,0.621,0.608,0.608,0.608,0.608,0.671,0.643,0.637,0.638,0.638
Mongolia,0.505,0.505,0.505,0.505,0.505,0.505,0.505,0.505,0.509,0.509,0.509,0.525,0.525,0.525,0.529,0.463,0.5,0.528,0.533,0.568,0.568,0.595,0.599,0.599,0.599,0.604,0.608,0.608,0.608,0.601,0.604,0.604,0.604,0.599,0.599,0.603,0.603,0.618,0.633,0.633,0.701,0.679,0.668,0.632
Morocco,0.17,0.209,0.152,0.152,0.152,0.166,0.166,0.166,0.166,0.166,0.177,0.177,0.177,0.177,0.185,0.185,0.193,0.193,0.208,0.208,0.208,0.208,0.208,0.248,0.274,0.333,0.352,0.449,0.449,0.449,0.449,0.449,0.445,0.447,0.447,0.45,0.466,0.468,0.446,0.446,0.496,0.497,0.507,0.507
Mozambique,0.264,0.329,0.38,0.38,0.38,0.38,0.38,0.385,0.385,0.385,0.385,0.386,0.386,0.386,0.386,0.463,0.44,0.44,0.472,0.496,0.555,0.557,0.557,0.557,0.591,0.56,0.56,0.56,0.56,0.563,0.563,0.563,0.563,0.563,0.566,0.566,0.568,0.568,0.538,0.54,0.54,0.627,0.614,0.614
Myanmar,0.142,0.142,0.142,0.154,0.154,0.154,0.154,0.154,0.154,0.154,0.154,0.154,0.154,0.296,0.296,0.296,0.296,0.296,0.296,0.296,0.296,0.296,0.296,0.296,0.296,0.296,0.298,0.298,0.298,0.298,0.306,0.306,0.306,0.306,0.306,0.406,0.416,0.463,0.463,0.463,0.553,0.553,0.525,0.549
Namibia,,,,,,,,,,,,,,,,0.456,0.456,0.456,0.456,0.491,0.491,0.491,0.491,0.491,0.502,0.528,0.528,0.528,0.528,0.561,0.561,0.561,0.561,0.561,0.565,0.584,0.584,0.584,0.626,0.649,0.649,0.649,0.662,0.597
Nepal,0.258,0.258,0.266,0.266,0.266,0.279,0.31,0.32,0.32,0.32,0.32,0.29,0.295,0.295,0.295,0.351,0.446,0.446,0.446,0.446,0.446,0.446,0.446,0.446,0.455,0.497,0.497,0.497,0.497,0.497,0.497,0.511,0.553,0.578,0.578,0.578,0.571,0.571,0.668,0.645,0.645,0.656,0.706,0.68
Netherlands,0.556,0.556,0.57,0.582,0.582,0.597,0.612,0.705,0.705,0.705,0.705,0.693,0.693,0.693,0.724,0.74,0.74,0.74,0.776,0.817,0.817,0.817,0.817,0.807,0.81,0.81,0.81,0.778,0.888,0.888,0.888,0.893,0.893,0.893,0.893,0.879,0.879,0.913,0.873,0.873,0.868,0.868,0.83,0.768
New Zealand,0.51,0.529,0.533,0.533,0.533,0.533,0.548,0.548,0.548,0.614,0.614,0.614,0.619,0.619,0.619,0.675,0.68,0.68,0.678,0.678,0.678,0.704,0.704,0.758,0.863,0.935,0.935,0.911,0.911,0.911,0.952,0.952,0.967,0.939,0.939,0.939,0.939,0.939,0.899,0.899,0.899,0.899,0.94,0.94
Nicaragua,0.235,0.238,0.238,0.238,0.309,0.476,0.476,0.476,0.483,0.514,0.514,0.514,0.514,0.514,0.518,0.572,0.572,0.572,0.594,0.602,0.582,0.598,0.598,0.543,0.547,0.547,0.596,0.596,0.604,0.608,0.608,0.612,0.615,0.63,0.639,0.639,0.626,0.626,0.667,0.667,0.667,0.667,0.631,0.587
Niger,0.319,0.319,0.319,0.319,0.319,0.319,0.319,0.319,0.33,0.33,0.33,0.33,0.33,0.37,0.367,0.413,0.413,0.413,0.449,0.449,0.43,0.43,0.425,0.429,0.429,0.429,0.429,0.429,0.429,0.468,0.468,0.468,0.468,0.468,0.468,0.544,0.544,0.518,0.513,0.513,0.525,0.534,0.545,0.545
Nigeria,0.302,0.302,0.302,0.302,0.302,0.302,0.302,0.302,0.382,0.382,0.414,0.414,0.433,0.433,0.433,0.433,0.433,0.348,0.348,0.348,0.348,0.348,0.348,0.384,0.426,0.431,0.431,0.431,0.453,0.447,0.459,0.453,0.447,0.447,0.447,0.517,0.518,0.529,0.525,0.525,0.485,0.485,0.468,0.463
North Korea,0.35,0.35,0.348,0.348,0.348,0.352,0.352,0.352,0.352,0.352,0.352,0.354,0.354,0.354,0.354,0.352,0.352,0.356,0.356,0.356,0.356,0.356,0.356,0.356,0.356,0.356,0.356,0.356,0.356,0.356,0.356,0.356,0.356,0.36,0.356,0.356,0.356,0.337,0.387,0.39,0.39,0.39,0.39,0.39
North Macedonia,,,,,,,,,,,,,,,,,0.356,0.356,0.375,0.4,0.4,0.4,0.418,0.449,0.396,0.405,0.405,0.524,0.529,0.579,0.579,0.603,0.603,0.577,0.577,0.577,0.612,0.61,0.598,0.569,0.569,0.585,0.569,0.558
Norway,0.776,0.776,0.809,0.809,0.809,0.812,0.812,0.812,0.812,0.812,0.837,0.837,0.837,0.837,0.867,0.932,0.937,0.937,0.965,0.965,0.965,0.965,0.943,0.943,0.943,0.943,0.943,0.943,0.952,0.982,0.982,0.982,0.952,0.952,0.982,1,1,1,0.94,0.94,0.94,0.94,0.94,0.918
Oman,0.223,0.223,0.223,0.223,0.223,0.223,0.223,0.223,0.223,0.223,0.223,0.223,0.228,0.228,0.228,0.228,0.228,0.228,0.228,0.228,0.228,0.261,0.261,0.261,0.261,0.264,0.267,0.267,0.285,0.275,0.275,0.275,0.256,0.256,0.256,0.256,0.268,0.268,0.268,0.268,0.274,0.274,0.295,0.305
Pakistan,0.285,0.285,0.302,0.302,0.318,0.318,0.331,0.331,0.343,0.343,0.411,0.411,0.411,0.452,0.465,0.326,0.326,0.326,0.326,0.326,0.335,0.335,0.42,0.42,0.449,0.473,0.488,0.49,0.465,0.465,0.465,0.465,0.465,0.495,0.501,0.515,0.515,0.521,0.515,0.515,0.493,0.48,0.461,0.482
Panama,0.347,0.347,0.349,0.393,0.393,0.381,0.362,0.316,0.316,0.345,0.345,0.345,0.346,0.346,0.346,0.539,0.539,0.539,0.539,0.539,0.539,0.539,0.541,0.541,0.548,0.579,0.579,0.579,0.579,0.594,0.594,0.594,0.594,0.594,0.575,0.575,0.575,0.575,0.605,0.646,0.646,0.646,0.602,0.595
Papua New Guinea,0.279,0.283,0.326,0.326,0.326,0.326,0.326,0.321,0.321,0.321,0.321,0.321,0.301,0.301,0.305,0.305,0.305,0.305,0.305,0.305,0.305,0.305,0.31,0.31,0.31,0.31,0.31,0.31,0.314,0.314,0.314,0.314,0.328,0.328,0.328,0.328,0.328,0.332,0.332,0.325,0.288,0.288,0.257,0.257
Paraguay,0.139,0.141,0.141,0.134,0.134,0.134,0.134,0.135,0.109,0.109,0.109,0.109,0.109,0.125,0.149,0.295,0.295,0.298,0.316,0.316,0.316,0.318,0.318,0.396,0.396,0.466,0.468,0.468,0.491,0.497,0.497,0.497,0.497,0.521,0.521,0.521,0.521,0.521,0.53,0.536,0.536,0.529,0.529,0.515
Peru,0.295,0.295,0.295,0.295,0.295,0.36,0.38,0.38,0.38,0.38,0.376,0.392,0.392,0.392,0.392,0.463,0.488,0.488,0.494,0.497,0.5,0.5,0.5,0.5,0.5,0.541,0.545,0.545,0.545,0.548,0.591,0.664,0.664,0.664,0.664,0.664,0.631,0.631,0.612,0.612,0.593,0.606,0.63,0.64
Philippines,0.466,0.466,0.47,0.457,0.457,0.457,0.457,0.46,0.46,0.46,0.46,0.635,0.662,0.662,0.662,0.662,0.668,0.67,0.67,0.67,0.668,0.673,0.673,0.682,0.682,0.688,0.695,0.695,0.695,0.697,0.697,0.697,0.701,0.701,0.701,0.707,0.717,0.717,0.676,0.676,0.73,0.751,0.668,0.679
Poland,0.496,0.502,0.502,0.502,0.502,0.53,0.53,0.508,0.508,0.508,0.517,0.517,0.517,0.517,0.577,0.669,0.661,0.661,0.676,0.676,0.676,0.676,0.702,0.702,0.702,0.702,0.707,0.707,0.707,0.712,0.712,0.712,0.739,0.735,0.735,0.741,0.75,0.756,0.756,0.791,0.806,0.792,0.726,0.698
Portugal,0.539,0.532,0.565,0.565,0.571,0.527,0.527,0.527,0.527,0.527,0.55,0.55,0.549,0.549,0.549,0.564,0.57,0.57,0.573,0.573,0.648,0.648,0.651,0.651,0.657,0.657,0.661,0.68,0.68,0.68,0.674,0.674,0.683,0.683,0.711,0.716,0.722,0.773,0.638,0.643,0.691,0.739,0.728,0.728
Qatar,0.246,0.246,0.246,0.248,0.248,0.248,0.248,0.248,0.248,0.25,0.25,0.25,0.25,0.25,0.267,0.297,0.31,0.31,0.31,0.312,0.312,0.336,0.336,0.338,0.338,0.37,0.37,0.37,0.372,0.372,0.372,0.341,0.341,0.342,0.342,0.342,0.342,0.342,0.342,0.343,0.343,0.333,0.343,0.388
Romania,0.614,0.614,0.614,0.614,0.614,0.654,0.654,0.654,0.654,0.654,0.657,0.657,0.657,0.657,0.657,0.537,0.537,0.554,0.554,0.554,0.554,0.581,0.581,0.581,0.584,0.614,0.614,0.614,0.614,0.605,0.605,0.608,0.603,0.604,0.623,0.623,0.623,0.631,0.598,0.602,0.606,0.582,0.607,0.663
Russia,0.42,0.42,0.423,0.423,0.418,0.418,0.418,0.418,0.421,0.426,0.426,0.426,0.426,0.429,0.419,0.436,0.435,0.503,0.509,0.513,0.505,0.505,0.505,0.505,0.504,0.476,0.476,0.476,0.47,0.483,0.483,0.484,0.489,0.489,0.489,0.489,0.491,0.51,0.499,0.499,0.499,0.491,0.511,0.523
Rwanda,0.32,0.32,0.32,0.32,0.32,0.32,0.322,0.322,0.347,0.347,0.347,0.347,0.347,0.351,0.351,0.408,0.412,0.418,0.435,0.419,0.501,0.501,0.544,0.544,0.547,0.608,0.608,0.608,0.647,0.729,0.774,0.774,0.774,0.774,0.775,0.794,0.794,0.794,0.844,0.782,0.782,0.782,0.75,0.727
Saudi Arabia,0.0734,0.0734,0.0734,0.0734,0.0734,0.0734,0.0734,0.0734,0.0734,0.0734,0.0734,0.0734,0.0885,0.0885,0.0885,0.0885,0.135,0.135,0.135,0.135,0.143,0.143,0.143,0.143,0.143,0.143,0.143,0.143,0.121,0.121,0.121,0.121,0.121,0.121,0.121,0.121,0.121,0.125,0.197,0.197,0.197,0.197,0.197,0.197
Senegal,0.465,0.465,0.465,0.506,0.506,0.506,0.506,0.506,0.507,0.507,0.507,0.507,0.507,0.508,0.509,0.509,0.509,0.509,0.509,0.509,0.486,0.497,0.497,0.515,0.511,0.526,0.584,0.579,0.579,0.584,0.584,0.584,0.599,0.604,0.61,0.61,0.611,0.619,0.655,0.655,0.655,0.655,0.709,0.699
Serbia,0.389,0.389,0.389,0.389,0.389,0.389,0.389,0.391,0.391,0.396,0.396,0.393,0.393,0.393,0.393,0.455,0.443,0.483,0.48,0.48,0.48,0.487,0.487,0.487,0.487,0.537,0.537,0.537,0.54,0.54,0.54,0.554,0.562,0.566,0.566,0.566,0.566,0.585,0.544,0.544,0.544,0.544,0.538,0.558
Sierra Leone,0.212,0.212,0.202,0.202,0.202,0.202,0.202,0.212,0.212,0.212,0.212,0.278,0.278,0.278,0.278,0.256,0.318,0.347,0.353,0.358,0.364,0.423,0.442,0.446,0.45,0.454,0.458,0.519,0.519,0.54,0.54,0.54,0.537,0.537,0.538,0.538,0.538,0.507,0.626,0.626,0.626,0.626,0.626,0.578
Singapore,0.395,0.395,0.395,0.395,0.395,0.395,0.395,0.395,0.395,0.411,0.411,0.411,0.411,0.415,0.415,0.439,0.434,0.434,0.434,0.434,0.434,0.438,0.443,0.443,0.443,0.564,0.569,0.569,0.569,0.569,0.569,0.58,0.584,0.584,0.584,0.568,0.568,0.568,0.568,0.568,0.571,0.571,0.578,0.621
Slovak Republic,,,,,,,,,,,,,,,,,,,0.63,0.632,0.632,0.635,0.635,0.629,0.629,0.629,0.633,0.623,0.623,0.623,0.623,0.642,0.642,0.642,0.642,0.668,0.671,0.662,0.646,0.646,0.646,0.66,0.621,0.65
Slovenia,,,,,,,,,,,,,,,,,0.543,0.576,0.624,0.624,0.624,0.612,0.612,0.612,0.612,0.615,0.607,0.611,0.611,0.611,0.611,0.611,0.615,0.615,0.656,0.667,0.686,0.737,0.768,0.756,0.741,0.699,0.671,0.683
Somalia,0.2,0.2,0.2,0.2,0.224,0.224,0.224,0.224,0.224,0.204,0.204,0.204,0.204,0.204,0.204,0.204,0.171,0.146,0.146,0.146,0.146,0.146,0.146,0.157,0.157,0.179,0.179,0.179,0.179,0.179,0.194,0.194,0.172,0.172,0.169,0.192,0.225,0.235,0.275,0.275,0.275,0.314,0.37,0.357
South Africa,0.293,0.293,0.293,0.293,0.293,0.293,0.293,0.293,0.295,0.302,0.302,0.302,0.302,0.308,0.302,0.306,0.308,0.308,0.308,0.626,0.656,0.656,0.645,0.645,0.651,0.673,0.673,0.673,0.663,0.748,0.758,0.758,0.758,0.758,0.701,0.701,0.701,0.701,0.64,0.682,0.657,0.673,0.657,0.633
South Korea,0.328,0.328,0.328,0.318,0.318,0.318,0.318,0.321,0.321,0.321,0.325,0.325,0.325,0.405,0.405,0.405,0.405,0.464,0.52,0.539,0.539,0.541,0.537,0.602,0.602,0.607,0.607,0.63,0.63,0.645,0.645,0.648,0.623,0.635,0.635,0.635,0.635,0.635,0.645,0.645,0.625,0.63,0.677,0.67
South Sudan,,,,,,,,,,,,,,,,,,,,,,,,,,,,,,,,,,,,,0.351,0.351,0.34,0.34,0.34,0.317,0.339,0.38
Spain,0.228,0.228,0.441,0.569,0.569,0.636,0.636,0.639,0.639,0.639,0.639,0.65,0.65,0.655,0.679,0.679,0.679,0.679,0.713,0.713,0.713,0.735,0.735,0.738,0.738,0.737,0.737,0.737,0.741,0.778,0.817,0.817,0.828,0.817,0.833,0.853,0.829,0.829,0.812,0.812,0.789,0.799,0.799,0.799
Sri Lanka,0.472,0.472,0.46,0.46,0.46,0.477,0.477,0.462,0.462,0.462,0.462,0.462,0.462,0.486,0.492,0.492,0.492,0.492,0.492,0.496,0.496,0.499,0.499,0.499,0.485,0.488,0.485,0.485,0.485,0.502,0.488,0.491,0.491,0.491,0.491,0.491,0.487,0.487,0.491,0.485,0.534,0.55,0.557,0.557
Sudan,0.252,0.252,0.252,0.257,0.257,0.234,0.234,0.241,0.248,0.248,0.262,0.242,0.242,0.242,0.219,0.267,0.276,0.279,0.279,0.279,0.284,0.288,0.288,0.288,0.3,0.342,0.346,0.346,0.346,0.346,0.354,0.356,0.357,0.357,0.357,0.385,0.385,0.385,0.379,0.379,0.37,0.401,0.393,0.425
Swaziland,0.409,0.409,0.409,0.403,0.441,0.441,0.441,0.445,0.43,0.43,0.43,0.43,0.437,0.437,0.437,0.437,0.437,0.369,0.394,0.397,0.397,0.397,0.397,0.397,0.397,0.397,0.397,0.397,0.422,0.425,0.414,0.421,0.421,0.426,0.424,0.431,0.416,0.419,0.413,0.413,0.413,0.413,0.385,0.38
Sweden,0.678,0.704,0.737,0.737,0.779,0.779,0.779,0.749,0.749,0.749,0.774,0.774,0.822,0.836,0.836,0.852,0.861,0.869,0.869,0.905,0.905,0.905,0.905,0.918,0.918,0.918,0.918,0.918,0.918,0.918,0.918,0.918,0.918,0.937,0.937,0.937,0.937,0.937,0.925,0.925,0.925,0.925,0.918,0.918
Switzerland,0.546,0.546,0.546,0.546,0.557,0.557,0.557,0.561,0.565,0.565,0.565,0.565,0.607,0.607,0.607,0.641,0.614,0.614,0.614,0.614,0.656,0.656,0.656,0.704,0.743,0.78,0.78,0.78,0.791,0.784,0.784,0.784,0.812,0.812,0.812,0.817,0.817,0.817,0.769,0.779,0.769,0.769,0.851,0.851
Syria,0.308,0.308,0.315,0.32,0.32,0.32,0.338,0.338,0.338,0.338,0.338,0.347,0.352,0.352,0.352,0.347,0.347,0.347,0.352,0.361,0.361,0.361,0.361,0.361,0.361,0.376,0.376,0.381,0.385,0.385,0.385,0.385,0.385,0.389,0.389,0.389,0.389,0.377,0.381,0.368,0.368,0.359,0.359,0.363
Tajikistan,,,,,,,,,,,,,,,,,0.387,0.381,0.284,0.239,0.303,0.303,0.303,0.303,0.284,0.375,0.375,0.38,0.38,0.38,0.394,0.336,0.351,0.351,0.351,0.353,0.353,0.356,0.371,0.371,0.371,0.328,0.315,0.308
Tanzania,0.488,0.491,0.491,0.491,0.491,0.49,0.506,0.506,0.506,0.508,0.508,0.508,0.508,0.508,0.515,0.536,0.54,0.534,0.534,0.534,0.587,0.596,0.596,0.596,0.596,0.604,0.624,0.624,0.624,0.62,0.608,0.608,0.61,0.61,0.61,0.628,0.628,0.628,0.628,0.628,0.706,0.691,0.734,0.638
Thailand,0.375,0.408,0.413,0.413,0.399,0.417,0.452,0.455,0.445,0.445,0.445,0.445,0.445,0.45,0.45,0.484,0.487,0.526,0.576,0.576,0.572,0.579,0.579,0.619,0.619,0.619,0.634,0.634,0.634,0.634,0.652,0.649,0.665,0.665,0.668,0.651,0.649,0.649,0.659,0.664,0.669,0.592,0.636,0.636
Timor-Leste,,,,,,,,,,,,,,,,,,,,,,,,,,,,0.526,0.55,0.546,0.546,0.546,0.545,0.545,0.548,0.548,0.55,0.557,0.557,0.557,0.533,0.527,0.496,0.503
Togo,0.255,0.255,0.268,0.268,0.268,0.345,0.354,0.354,0.354,0.354,0.353,0.353,0.353,0.38,0.38,0.375,0.409,0.448,0.434,0.373,0.373,0.373,0.373,0.405,0.419,0.456,0.456,0.511,0.495,0.501,0.545,0.549,0.549,0.557,0.557,0.494,0.494,0.496,0.608,0.608,0.606,0.606,0.556,0.567
Trinidad and Tobago,0.385,0.405,0.405,0.408,0.408,0.408,0.459,0.459,0.459,0.462,0.475,0.501,0.551,0.555,0.555,0.555,0.567,0.567,0.567,0.57,0.561,0.561,0.561,0.561,0.564,0.668,0.668,0.689,0.689,0.694,0.694,0.694,0.735,0.735,0.735,0.795,0.795,0.795,0.755,0.755,0.805,0.805,0.787,0.825
Tunisia,0.242,0.242,0.242,0.242,0.242,0.269,0.304,0.304,0.304,0.304,0.304,0.309,0.345,0.386,0.382,0.399,0.399,0.399,0.402,0.416,0.416,0.416,0.416,0.418,0.431,0.431,0.431,0.431,0.431,0.474,0.477,0.477,0.477,0.477,0.479,0.471,0.569,0.569,0.57,0.577,0.603,0.606,0.606,0.606
Turkey,0.274,0.274,0.274,0.274,0.274,0.256,0.256,0.256,0.263,0.263,0.263,0.263,0.282,0.282,0.282,0.282,0.31,0.31,0.31,0.31,0.333,0.336,0.336,0.336,0.332,0.332,0.332,0.347,0.347,0.347,0.347,0.347,0.327,0.327,0.327,0.33,0.33,0.357,0.286,0.286,0.289,0.304,0.304,0.344
Turkmenistan,,,,,,,,,,,,,,,,,0.237,0.284,0.284,0.337,0.337,0.337,0.337,0.337,0.349,0.349,0.349,0.349,0.349,0.349,0.343,0.343,0.364,0.372,0.372,0.372,0.372,0.416,0.343,0.343,0.343,0.343,0.34,0.406
Uganda,0.347,0.347,0.347,0.347,0.347,0.352,0.352,0.352,0.352,0.352,0.306,0.415,0.43,0.43,0.505,0.501,0.501,0.501,0.503,0.556,0.599,0.608,0.661,0.661,0.661,0.661,0.672,0.672,0.673,0.673,0.673,0.694,0.694,0.694,0.702,0.654,0.661,0.636,0.643,0.643,0.625,0.671,0.669,0.604
Ukraine,,,,,,,,,,,,,,,,,0.437,0.418,0.421,0.426,0.444,0.444,0.444,0.534,0.534,0.534,0.534,0.487,0.504,0.577,0.63,0.621,0.636,0.636,0.636,0.596,0.592,0.635,0.635,0.622,0.622,0.606,0.599,0.605
United Arab Emirates,0.0819,0.0819,0.0819,0.085,0.085,0.085,0.085,0.085,0.085,0.158,0.158,0.158,0.158,0.158,0.158,0.158,0.158,0.158,0.16,0.16,0.16,0.16,0.16,0.16,0.16,0.16,0.134,0.134,0.134,0.192,0.192,0.256,0.324,0.324,0.324,0.324,0.369,0.365,0.365,0.365,0.375,0.375,0.375,0.39
United Kingdom,0.604,0.607,0.607,0.607,0.589,0.589,0.589,0.593,0.594,0.594,0.594,0.594,0.603,0.603,0.603,0.605,0.557,0.547,0.55,0.55,0.55,0.55,0.628,0.628,0.633,0.633,0.633,0.633,0.633,0.638,0.695,0.699,0.699,0.699,0.699,0.687,0.692,0.808,0.753,0.753,0.795,0.795,0.778,0.778
United States,0.511,0.526,0.526,0.534,0.534,0.585,0.585,0.625,0.625,0.606,0.606,0.625,0.625,0.61,0.629,0.629,0.629,0.666,0.717,0.717,0.717,0.736,0.736,0.738,0.738,0.746,0.716,0.716,0.716,0.723,0.723,0.731,0.731,0.764,0.764,0.815,0.815,0.809,0.743,0.756,0.756,0.742,0.688,0.688
Uruguay,0.403,0.403,0.405,0.405,0.405,0.395,0.396,0.396,0.396,0.42,0.58,0.58,0.58,0.58,0.555,0.535,0.535,0.535,0.535,0.57,0.57,0.57,0.57,0.57,0.558,0.558,0.558,0.558,0.558,0.64,0.64,0.64,0.64,0.64,0.655,0.704,0.697,0.697,0.689,0.741,0.683,0.683,0.691,0.672
Uzbekistan,,,,,,,,,,,,,,,,,0.442,0.442,0.442,0.42,0.42,0.441,0.441,0.441,0.48,0.48,0.48,0.483,0.483,0.508,0.508,0.508,0.511,0.511,0.518,0.518,0.518,0.488,0.511,0.511,0.505,0.509,0.523,0.494
Venezuela,0.438,0.438,0.438,0.451,0.451,0.451,0.451,0.455,0.462,0.477,0.477,0.477,0.477,0.497,0.511,0.511,0.511,0.514,0.501,0.501,0.501,0.504,0.504,0.521,0.603,0.618,0.622,0.622,0.622,0.622,0.637,0.662,0.662,0.662,0.662,0.662,0.662,0.662,0.666,0.671,0.667,0.667,0.682,0.665
Vietnam,0.614,0.61,0.61,0.61,0.61,0.61,0.602,0.602,0.602,0.604,0.604,0.621,0.611,0.611,0.611,0.611,0.611,0.6,0.6,0.6,0.6,0.6,0.612,0.612,0.614,0.614,0.614,0.614,0.614,0.614,0.614,0.614,0.635,0.635,0.635,0.635,0.645,0.647,0.592,0.6,0.6,0.604,0.596,0.583
Yemen,0.0344,0.0344,0.0344,0,0,0,0,0,0,0,0,0,0,0,0.0685,0.233,0.201,0.201,0.185,0.185,0.172,0.172,0.172,0.172,0.172,0.172,0.172,0.172,0.192,0.192,0.192,0.197,0.197,0.197,0.197,0.197,0.245,0.248,0.284,0.26,0.176,0.273,0.2,0.273
Zambia,0.368,0.368,0.368,0.363,0.363,0.363,0.363,0.363,0.359,0.362,0.362,0.362,0.362,0.37,0.378,0.41,0.378,0.424,0.424,0.427,0.427,0.46,0.464,0.464,0.464,0.493,0.533,0.533,0.533,0.533,0.52,0.524,0.524,0.524,0.512,0.524,0.508,0.52,0.512,0.512,0.506,0.557,0.574,0.574
Zimbabwe,0.118,0.118,0.118,0.118,0.121,0.385,0.427,0.427,0.427,0.427,0.432,0.44,0.44,0.44,0.44,0.447,0.44,0.44,0.443,0.443,0.451,0.451,0.451,0.451,0.451,0.434,0.437,0.437,0.437,0.437,0.448,0.448,0.448,0.448,0.448,0.448,0.448,0.448,0.51,0.497,0.497,0.502,0.51,0.502
