ORIGIN,DEST,timezone,size
ATL,BOS,America/New_York,10
ATL,BWI,America/New_York,11
ATL,CLT,America/New_York,10
ATL,DAL,America/New_York,3
ATL,DCA,America/New_York,10
ATL,DEN,America/New_York,14
ATL,DFW,America/New_York,13
ATL,DTW,America/New_York,12
ATL,EWR,America/New_York,7
ATL,FLL,America/New_York,19
ATL,HNL,America/New_York,1
ATL,IAH,America/New_York,8
ATL,JFK,America/New_York,6
ATL,LAS,America/New_York,10
ATL,LAX,America/New_York,14
ATL,LGA,America/New_York,17
ATL,MCO,America/New_York,18
ATL,MDW,America/New_York,7
ATL,MIA,America/New_York,13
ATL,MSP,America/New_York,11
ATL,ORD,America/New_York,9
ATL,OTHER,America/New_York,278
ATL,PDX,America/New_York,3
ATL,PHL,America/New_York,12
ATL,PHX,America/New_York,9
ATL,SAN,America/New_York,5
ATL,SEA,America/New_York,8
ATL,SFO,America/New_York,8
ATL,SLC,America/New_York,7
ATL,TPA,America/New_York,15
BOS,ATL,America/New_York,10
BOS,BWI,America/New_York,10
BOS,CLT,America/New_York,8
BOS,DAL,America/New_York,1
BOS,DCA,America/New_York,6
BOS,DEN,America/New_York,5
BOS,DFW,America/New_York,8
BOS,DTW,America/New_York,6
BOS,EWR,America/New_York,3
BOS,FLL,America/New_York,11
BOS,IAH,America/New_York,3
BOS,JFK,America/New_York,11
BOS,LAS,America/New_York,2
BOS,LAX,America/New_York,8
BOS,LGA,America/New_York,2
BOS,MCO,America/New_York,10
BOS,MDW,America/New_York,3
BOS,MIA,America/New_York,7
BOS,MSP,America/New_York,3
BOS,ORD,America/New_York,9
BOS,OTHER,America/New_York,50
BOS,PDX,America/New_York,1
BOS,PHL,America/New_York,9
BOS,PHX,America/New_York,4
BOS,SAN,America/New_York,2
BOS,SEA,America/New_York,4
BOS,SFO,America/New_York,9
BOS,SLC,America/New_York,2
BOS,TPA,America/New_York,5
BWI,ATL,America/New_York,12
BWI,BOS,America/New_York,11
BWI,CLT,America/New_York,6
BWI,DAL,America/New_York,3
BWI,DEN,America/New_York,4
BWI,DFW,America/New_York,4
BWI,DTW,America/New_York,5
BWI,FLL,America/New_York,14
BWI,IAH,America/New_York,2
BWI,LAS,America/New_York,3
BWI,LAX,America/New_York,6
BWI,MCO,America/New_York,10
BWI,MDW,America/New_York,3
BWI,MIA,America/New_York,3
BWI,MSP,America/New_York,2
BWI,ORD,America/New_York,3
BWI,OTHER,America/New_York,88
BWI,PHX,America/New_York,5
BWI,SAN,America/New_York,2
BWI,SEA,America/New_York,1
BWI,SFO,America/New_York,1
BWI,SLC,America/New_York,1
BWI,TPA,America/New_York,7
CLT,ATL,America/New_York,11
CLT,BOS,America/New_York,9
CLT,BWI,America/New_York,7
CLT,DAL,America/New_York,1
CLT,DCA,America/New_York,5
CLT,DEN,America/New_York,5
CLT,DFW,America/New_York,9
CLT,DTW,America/New_York,5
CLT,EWR,America/New_York,9
CLT,FLL,America/New_York,7
CLT,IAH,America/New_York,5
CLT,JFK,America/New_York,8
CLT,LAS,America/New_York,3
CLT,LAX,America/New_York,4
CLT,LGA,America/New_York,8
CLT,MCO,America/New_York,10
CLT,MDW,America/New_York,1
CLT,MIA,America/New_York,8
CLT,MSP,America/New_York,4
CLT,ORD,America/New_York,9
CLT,OTHER,America/New_York,68
CLT,PDX,America/New_York,1
CLT,PHL,America/New_York,11
CLT,PHX,America/New_York,8
CLT,SAN,America/New_York,3
CLT,SEA,America/New_York,3
CLT,SFO,America/New_York,5
CLT,SLC,America/New_York,2
CLT,TPA,America/New_York,7
DCA,ATL,America/New_York,12
DCA,BOS,America/New_York,6
DCA,CLT,America/New_York,5
DCA,DAL,America/New_York,5
DCA,DEN,America/New_York,4
DCA,DFW,America/New_York,6
DCA,DTW,America/New_York,3
DCA,FLL,America/New_York,8
DCA,JFK,America/New_York,1
DCA,LAS,America/New_York,1
DCA,LAX,America/New_York,2
DCA,MCO,America/New_York,8
DCA,MDW,America/New_York,5
DCA,MIA,America/New_York,9
DCA,MSP,America/New_York,2
DCA,ORD,America/New_York,5
DCA,OTHER,America/New_York,29
DCA,PDX,America/New_York,1
DCA,PHX,America/New_York,3
DCA,SEA,America/New_York,2
DCA,SFO,America/New_York,2
DCA,SLC,America/New_York,1
DCA,TPA,America/New_York,4
DTW,ATL,America/New_York,12
DTW,BOS,America/New_York,6
DTW,BWI,America/New_York,5
DTW,CLT,America/New_York,4
DTW,DAL,America/New_York,1
DTW,DCA,America/New_York,3
DTW,DEN,America/New_York,8
DTW,DFW,America/New_York,4
DTW,EWR,America/New_York,3
DTW,FLL,America/New_York,8
DTW,IAH,America/New_York,2
DTW,JFK,America/New_York,1
DTW,LAS,America/New_York,7
DTW,LAX,America/New_York,5
DTW,LGA,America/New_York,8
DTW,MCO,America/New_York,8
DTW,MDW,America/New_York,3
DTW,MIA,America/New_York,5
DTW,MSP,America/New_York,6
DTW,ORD,America/New_York,4
DTW,OTHER,America/New_York,23
DTW,PHL,America/New_York,2
DTW,PHX,America/New_York,8
DTW,SAN,America/New_York,2
DTW,SEA,America/New_York,5
DTW,SFO,America/New_York,3
DTW,SLC,America/New_York,3
DTW,TPA,America/New_York,7
EWR,ATL,America/New_York,7
EWR,BOS,America/New_York,2
EWR,CLT,America/New_York,10
EWR,DEN,America/New_York,6
EWR,DFW,America/New_York,6
EWR,DTW,America/New_York,3
EWR,FLL,America/New_York,18
EWR,HNL,America/New_York,1
EWR,IAH,America/New_York,10
EWR,LAS,America/New_York,3
EWR,LAX,America/New_York,12
EWR,MCO,America/New_York,20
EWR,MDW,America/New_York,3
EWR,MIA,America/New_York,7
EWR,MSP,America/New_York,1
EWR,ORD,America/New_York,7
EWR,OTHER,America/New_York,39
EWR,PDX,America/New_York,2
EWR,PHX,America/New_York,7
EWR,SAN,America/New_York,3
EWR,SEA,America/New_York,4
EWR,SFO,America/New_York,12
EWR,SLC,America/New_York,2
EWR,TPA,America/New_York,6
FLL,ATL,America/New_York,19
FLL,BOS,America/New_York,11
FLL,BWI,America/New_York,14
FLL,CLT,America/New_York,6
FLL,DAL,America/New_York,2
FLL,DCA,America/New_York,8
FLL,DEN,America/New_York,5
FLL,DFW,America/New_York,7
FLL,DTW,America/New_York,8
FLL,EWR,America/New_York,16
FLL,IAH,America/New_York,6
FLL,JFK,America/New_York,15
FLL,LAS,America/New_York,3
FLL,LAX,America/New_York,5
FLL,LGA,America/New_York,15
FLL,MCO,America/New_York,2
FLL,MDW,America/New_York,3
FLL,MSP,America/New_York,3
FLL,ORD,America/New_York,7
FLL,OTHER,America/New_York,70
FLL,PHL,America/New_York,8
FLL,PHX,America/New_York,1
FLL,SAN,America/New_York,1
FLL,SEA,America/New_York,2
FLL,SFO,America/New_York,6
FLL,TPA,America/New_York,5
JFK,ATL,America/New_York,6
JFK,BOS,America/New_York,12
JFK,CLT,America/New_York,8
JFK,DCA,America/New_York,1
JFK,DEN,America/New_York,3
JFK,DFW,America/New_York,1
JFK,DTW,America/New_York,1
JFK,FLL,America/New_York,15
JFK,HNL,America/New_York,2
JFK,LAS,America/New_York,9
JFK,LAX,America/New_York,29
JFK,MCO,America/New_York,17
JFK,MIA,America/New_York,10
JFK,MSP,America/New_York,3
JFK,ORD,America/New_York,3
JFK,OTHER,America/New_York,84
JFK,PDX,America/New_York,2
JFK,PHX,America/New_York,7
JFK,SAN,America/New_York,5
JFK,SEA,America/New_York,6
JFK,SFO,America/New_York,17
JFK,SLC,America/New_York,5
JFK,TPA,America/New_York,9
LGA,ATL,America/New_York,19
LGA,BOS,America/New_York,3
LGA,CLT,America/New_York,9
LGA,DAL,America/New_York,5
LGA,DEN,America/New_York,8
LGA,DFW,America/New_York,9
LGA,DTW,America/New_York,8
LGA,FLL,America/New_York,15
LGA,IAH,America/New_York,3
LGA,MCO,America/New_York,14
LGA,MDW,America/New_York,5
LGA,MIA,America/New_York,16
LGA,MSP,America/New_York,6
LGA,ORD,America/New_York,14
LGA,OTHER,America/New_York,29
LGA,PHL,America/New_York,1
LGA,TPA,America/New_York,4
MCO,ATL,America/New_York,17
MCO,BOS,America/New_York,10
MCO,BWI,America/New_York,11
MCO,CLT,America/New_York,9
MCO,DAL,America/New_York,3
MCO,DCA,America/New_York,8
MCO,DEN,America/New_York,11
MCO,DFW,America/New_York,10
MCO,DTW,America/New_York,8
MCO,EWR,America/New_York,19
MCO,FLL,America/New_York,2
MCO,IAH,America/New_York,8
MCO,JFK,America/New_York,17
MCO,LAS,America/New_York,4
MCO,LAX,America/New_York,8
MCO,LGA,America/New_York,12
MCO,MDW,America/New_York,7
MCO,MIA,America/New_York,9
MCO,MSP,America/New_York,7
MCO,ORD,America/New_York,14
MCO,OTHER,America/New_York,119
MCO,PHL,America/New_York,13
MCO,PHX,America/New_York,4
MCO,SAN,America/New_York,3
MCO,SEA,America/New_York,3
MCO,SFO,America/New_York,4
MCO,SLC,America/New_York,3
MIA,ATL,America/New_York,13
MIA,BOS,America/New_York,7
MIA,BWI,America/New_York,3
MIA,CLT,America/New_York,8
MIA,DCA,America/New_York,9
MIA,DEN,America/New_York,6
MIA,DFW,America/New_York,11
MIA,DTW,America/New_York,5
MIA,EWR,America/New_York,5
MIA,IAH,America/New_York,8
MIA,JFK,America/New_York,10
MIA,LAS,America/New_York,5
MIA,LAX,America/New_York,9
MIA,LGA,America/New_York,18
MIA,MCO,America/New_York,9
MIA,MSP,America/New_York,2
MIA,ORD,America/New_York,12
MIA,OTHER,America/New_York,29
MIA,PHL,America/New_York,8
MIA,PHX,America/New_York,4
MIA,SAN,America/New_York,2
MIA,SEA,America/New_York,1
MIA,SFO,America/New_York,5
MIA,SLC,America/New_York,2
MIA,TPA,America/New_York,5
PHL,ATL,America/New_York,12
PHL,BOS,America/New_York,7
PHL,CLT,America/New_York,7
PHL,DAL,America/New_York,1
PHL,DEN,America/New_York,7
PHL,DFW,America/New_York,8
PHL,DTW,America/New_York,2
PHL,FLL,America/New_York,8
PHL,IAH,America/New_York,2
PHL,LAS,America/New_York,4
PHL,LAX,America/New_York,6
PHL,LGA,America/New_York,1
PHL,MCO,America/New_York,14
PHL,MDW,America/New_York,3
PHL,MIA,America/New_York,8
PHL,MSP,America/New_York,3
PHL,ORD,America/New_York,6
PHL,OTHER,America/New_York,26
PHL,PHX,America/New_York,7
PHL,SAN,America/New_York,2
PHL,SEA,America/New_York,2
PHL,SFO,America/New_York,4
PHL,SLC,America/New_York,3
PHL,TPA,America/New_York,6
TPA,ATL,America/New_York,15
TPA,BOS,America/New_York,4
TPA,BWI,America/New_York,7
TPA,CLT,America/New_York,7
TPA,DAL,America/New_York,1
TPA,DCA,America/New_York,4
TPA,DEN,America/New_York,5
TPA,DFW,America/New_York,6
TPA,DTW,America/New_York,7
TPA,EWR,America/New_York,6
TPA,FLL,America/New_York,6
TPA,IAH,America/New_York,6
TPA,JFK,America/New_York,9
TPA,LAS,America/New_York,2
TPA,LGA,America/New_York,4
TPA,MDW,America/New_York,4
TPA,MIA,America/New_York,5
TPA,MSP,America/New_York,4
TPA,ORD,America/New_York,8
TPA,OTHER,America/New_York,46
TPA,PHL,America/New_York,4
TPA,PHX,America/New_York,4
TPA,SEA,America/New_York,1
DAL,ATL,America/Chicago,5
DAL,BOS,America/Chicago,1
DAL,BWI,America/Chicago,3
DAL,CLT,America/Chicago,1
DAL,DCA,America/Chicago,5
DAL,DEN,America/Chicago,5
DAL,DTW,America/Chicago,1
DAL,FLL,America/Chicago,2
DAL,LAS,America/Chicago,5
DAL,LAX,America/Chicago,5
DAL,LGA,America/Chicago,5
DAL,MCO,America/Chicago,3
DAL,MDW,America/Chicago,5
DAL,OTHER,America/Chicago,74
DAL,PDX,America/Chicago,1
DAL,PHL,America/Chicago,1
DAL,PHX,America/Chicago,4
DAL,SAN,America/Chicago,2
DAL,SEA,America/Chicago,1
DAL,SFO,America/Chicago,3
DAL,SLC,America/Chicago,2
DAL,TPA,America/Chicago,1
DFW,ATL,America/Chicago,13
DFW,BOS,America/Chicago,7
DFW,BWI,America/Chicago,4
DFW,CLT,America/Chicago,9
DFW,DCA,America/Chicago,5
DFW,DEN,America/Chicago,12
DFW,DTW,America/Chicago,3
DFW,EWR,America/Chicago,7
DFW,FLL,America/Chicago,7
DFW,HNL,America/Chicago,2
DFW,IAH,America/Chicago,5
DFW,JFK,America/Chicago,1
DFW,LAS,America/Chicago,10
DFW,LAX,America/Chicago,14
DFW,LGA,America/Chicago,8
DFW,MCO,America/Chicago,11
DFW,MIA,America/Chicago,12
DFW,MSP,America/Chicago,5
DFW,ORD,America/Chicago,12
DFW,OTHER,America/Chicago,128
DFW,PDX,America/Chicago,5
DFW,PHL,America/Chicago,8
DFW,PHX,America/Chicago,11
DFW,SAN,America/Chicago,7
DFW,SEA,America/Chicago,9
DFW,SFO,America/Chicago,6
DFW,SLC,America/Chicago,6
DFW,TPA,America/Chicago,6
IAH,ATL,America/Chicago,7
IAH,BOS,America/Chicago,2
IAH,BWI,America/Chicago,2
IAH,CLT,America/Chicago,5
IAH,DCA,America/Chicago,1
IAH,DEN,America/Chicago,12
IAH,DFW,America/Chicago,6
IAH,DTW,America/Chicago,2
IAH,EWR,America/Chicago,7
IAH,FLL,America/Chicago,6
IAH,HNL,America/Chicago,1
IAH,LAS,America/Chicago,8
IAH,LAX,America/Chicago,14
IAH,LGA,America/Chicago,1
IAH,MCO,America/Chicago,8
IAH,MIA,America/Chicago,8
IAH,MSP,America/Chicago,1
IAH,ORD,America/Chicago,9
IAH,OTHER,America/Chicago,30
IAH,PDX,America/Chicago,2
IAH,PHX,America/Chicago,6
IAH,SAN,America/Chicago,5
IAH,SEA,America/Chicago,6
IAH,SFO,America/Chicago,9
IAH,SLC,America/Chicago,2
IAH,TPA,America/Chicago,6
MDW,ATL,America/Chicago,6
MDW,BOS,America/Chicago,2
MDW,BWI,America/Chicago,3
MDW,CLT,America/Chicago,1
MDW,DAL,America/Chicago,5
MDW,DCA,America/Chicago,4
MDW,DEN,America/Chicago,6
MDW,DTW,America/Chicago,3
MDW,EWR,America/Chicago,3
MDW,FLL,America/Chicago,3
MDW,LAS,America/Chicago,7
MDW,LAX,America/Chicago,4
MDW,LGA,America/Chicago,5
MDW,MCO,America/Chicago,7
MDW,MSP,America/Chicago,5
MDW,OTHER,America/Chicago,87
MDW,PDX,America/Chicago,3
MDW,PHL,America/Chicago,3
MDW,PHX,America/Chicago,7
MDW,SAN,America/Chicago,3
MDW,SEA,America/Chicago,2
MDW,SFO,America/Chicago,1
MDW,SLC,America/Chicago,2
MDW,TPA,America/Chicago,4
MSP,ATL,America/Chicago,12
MSP,BOS,America/Chicago,3
MSP,BWI,America/Chicago,2
MSP,CLT,America/Chicago,3
MSP,DCA,America/Chicago,2
MSP,DEN,America/Chicago,11
MSP,DFW,America/Chicago,5
MSP,DTW,America/Chicago,6
MSP,EWR,America/Chicago,1
MSP,FLL,America/Chicago,3
MSP,HNL,America/Chicago,1
MSP,IAH,America/Chicago,1
MSP,JFK,America/Chicago,3
MSP,LAS,America/Chicago,5
MSP,LAX,America/Chicago,8
MSP,LGA,America/Chicago,6
MSP,MCO,America/Chicago,7
MSP,MDW,America/Chicago,5
MSP,MIA,America/Chicago,2
MSP,ORD,America/Chicago,9
MSP,OTHER,America/Chicago,39
MSP,PDX,America/Chicago,3
MSP,PHL,America/Chicago,3
MSP,PHX,America/Chicago,10
MSP,SAN,America/Chicago,2
MSP,SEA,America/Chicago,7
MSP,SFO,America/Chicago,3
MSP,SLC,America/Chicago,4
MSP,TPA,America/Chicago,4
ORD,ATL,America/Chicago,11
ORD,BOS,America/Chicago,11
ORD,BWI,America/Chicago,2
ORD,CLT,America/Chicago,8
ORD,DCA,America/Chicago,6
ORD,DEN,America/Chicago,18
ORD,DFW,America/Chicago,11
ORD,DTW,America/Chicago,3
ORD,EWR,America/Chicago,7
ORD,FLL,America/Chicago,9
ORD,HNL,America/Chicago,1
ORD,IAH,America/Chicago,9
ORD,JFK,America/Chicago,3
ORD,LAS,America/Chicago,8
ORD,LAX,America/Chicago,22
ORD,LGA,America/Chicago,12
ORD,MCO,America/Chicago,15
ORD,MIA,America/Chicago,12
ORD,MSP,America/Chicago,6
ORD,OTHER,America/Chicago,64
ORD,PDX,America/Chicago,6
ORD,PHL,America/Chicago,6
ORD,PHX,America/Chicago,14
ORD,SAN,America/Chicago,9
ORD,SEA,America/Chicago,10
ORD,SFO,America/Chicago,14
ORD,SLC,America/Chicago,2
ORD,TPA,America/Chicago,9
DEN,ATL,America/Denver,12
DEN,BOS,America/Denver,6
DEN,BWI,America/Denver,4
DEN,CLT,America/Denver,5
DEN,DAL,America/Denver,5
DEN,DCA,America/Denver,4
DEN,DFW,America/Denver,12
DEN,DTW,America/Denver,8
DEN,EWR,America/Denver,8
DEN,FLL,America/Denver,4
DEN,HNL,America/Denver,1
DEN,IAH,America/Denver,10
DEN,JFK,America/Denver,3
DEN,LAS,America/Denver,17
DEN,LAX,America/Denver,15
DEN,LGA,America/Denver,9
DEN,MCO,America/Denver,11
DEN,MDW,America/Denver,6
DEN,MIA,America/Denver,6
DEN,MSP,America/Denver,9
DEN,ORD,America/Denver,14
DEN,OTHER,America/Denver,121
DEN,PDX,America/Denver,6
DEN,PHL,America/Denver,7
DEN,PHX,America/Denver,19
DEN,SAN,America/Denver,10
DEN,SEA,America/Denver,13
DEN,SFO,America/Denver,17
DEN,SLC,America/Denver,9
DEN,TPA,America/Denver,4
SLC,ATL,America/Denver,7
SLC,BOS,America/Denver,2
SLC,BWI,America/Denver,1
SLC,CLT,America/Denver,2
SLC,DAL,America/Denver,2
SLC,DCA,America/Denver,1
SLC,DEN,America/Denver,10
SLC,DFW,America/Denver,6
SLC,DTW,America/Denver,3
SLC,EWR,America/Denver,2
SLC,HNL,America/Denver,1
SLC,IAH,America/Denver,3
SLC,JFK,America/Denver,5
SLC,LAS,America/Denver,8
SLC,LAX,America/Denver,9
SLC,MCO,America/Denver,3
SLC,MDW,America/Denver,2
SLC,MIA,America/Denver,2
SLC,MSP,America/Denver,4
SLC,ORD,America/Denver,2
SLC,OTHER,America/Denver,25
SLC,PDX,America/Denver,5
SLC,PHL,America/Denver,2
SLC,PHX,America/Denver,10
SLC,SAN,America/Denver,6
SLC,SEA,America/Denver,8
SLC,SFO,America/Denver,5
LAS,ATL,America/Los_Angeles,11
LAS,BOS,America/Los_Angeles,2
LAS,BWI,America/Los_Angeles,4
LAS,CLT,America/Los_Angeles,3
LAS,DAL,America/Los_Angeles,5
LAS,DCA,America/Los_Angeles,1
LAS,DEN,America/Los_Angeles,16
LAS,DFW,America/Los_Angeles,10
LAS,DTW,America/Los_Angeles,7
LAS,EWR,America/Los_Angeles,3
LAS,FLL,America/Los_Angeles,3
LAS,HNL,America/Los_Angeles,2
LAS,IAH,America/Los_Angeles,8
LAS,JFK,America/Los_Angeles,8
LAS,LAX,America/Los_Angeles,26
LAS,MCO,America/Los_Angeles,4
LAS,MDW,America/Los_Angeles,7
LAS,MIA,America/Los_Angeles,5
LAS,MSP,America/Los_Angeles,5
LAS,ORD,America/Los_Angeles,9
LAS,OTHER,America/Los_Angeles,124
LAS,PDX,America/Los_Angeles,8
LAS,PHL,America/Los_Angeles,4
LAS,PHX,America/Los_Angeles,14
LAS,SAN,America/Los_Angeles,11
LAS,SEA,America/Los_Angeles,16
LAS,SFO,America/Los_Angeles,19
LAS,SLC,America/Los_Angeles,8
LAS,TPA,America/Los_Angeles,2
LAX,ATL,America/Los_Angeles,12
LAX,BOS,America/Los_Angeles,7
LAX,BWI,America/Los_Angeles,4
LAX,CLT,America/Los_Angeles,4
LAX,DAL,America/Los_Angeles,5
LAX,DCA,America/Los_Angeles,2
LAX,DEN,America/Los_Angeles,14
LAX,DFW,America/Los_Angeles,14
LAX,DTW,America/Los_Angeles,5
LAX,EWR,America/Los_Angeles,11
LAX,FLL,America/Los_Angeles,4
LAX,HNL,America/Los_Angeles,19
LAX,IAH,America/Los_Angeles,13
LAX,JFK,America/Los_Angeles,28
LAX,LAS,America/Los_Angeles,26
LAX,MCO,America/Los_Angeles,8
LAX,MDW,America/Los_Angeles,4
LAX,MIA,America/Los_Angeles,9
LAX,MSP,America/Los_Angeles,8
LAX,ORD,America/Los_Angeles,22
LAX,OTHER,America/Los_Angeles,104
LAX,PDX,America/Los_Angeles,11
LAX,PHL,America/Los_Angeles,6
LAX,PHX,America/Los_Angeles,14
LAX,SEA,America/Los_Angeles,23
LAX,SFO,America/Los_Angeles,26
LAX,SLC,America/Los_Angeles,9
LAX,TPA,America/Los_Angeles,1
PDX,ATL,America/Los_Angeles,3
PDX,BOS,America/Los_Angeles,1
PDX,CLT,America/Los_Angeles,1
PDX,DAL,America/Los_Angeles,1
PDX,DCA,America/Los_Angeles,1
PDX,DEN,America/Los_Angeles,6
PDX,DFW,America/Los_Angeles,6
PDX,EWR,America/Los_Angeles,2
PDX,HNL,America/Los_Angeles,3
PDX,IAH,America/Los_Angeles,2
PDX,JFK,America/Los_Angeles,2
PDX,LAS,America/Los_Angeles,8
PDX,LAX,America/Los_Angeles,10
PDX,MDW,America/Los_Angeles,3
PDX,MSP,America/Los_Angeles,3
PDX,ORD,America/Los_Angeles,6
PDX,OTHER,America/Los_Angeles,30
PDX,PHX,America/Los_Angeles,8
PDX,SAN,America/Los_Angeles,6
PDX,SEA,America/Los_Angeles,2
PDX,SFO,America/Los_Angeles,10
PDX,SLC,America/Los_Angeles,5
PHX,ATL,America/Phoenix,10
PHX,BOS,America/Phoenix,4
PHX,BWI,America/Phoenix,6
PHX,CLT,America/Phoenix,9
PHX,DAL,America/Phoenix,4
PHX,DCA,America/Phoenix,3
PHX,DEN,America/Phoenix,19
PHX,DFW,America/Phoenix,11
PHX,DTW,America/Phoenix,8
PHX,EWR,America/Phoenix,7
PHX,FLL,America/Phoenix,1
PHX,HNL,America/Phoenix,4
PHX,IAH,America/Phoenix,7
PHX,JFK,America/Phoenix,7
PHX,LAS,America/Phoenix,12
PHX,LAX,America/Phoenix,13
PHX,MCO,America/Phoenix,5
PHX,MDW,America/Phoenix,6
PHX,MIA,America/Phoenix,4
PHX,MSP,America/Phoenix,11
PHX,ORD,America/Phoenix,14
PHX,OTHER,America/Phoenix,125
PHX,PDX,America/Phoenix,8
PHX,PHL,America/Phoenix,8
PHX,SAN,America/Phoenix,13
PHX,SEA,America/Phoenix,14
PHX,SFO,America/Phoenix,10
PHX,SLC,America/Phoenix,11
PHX,TPA,America/Phoenix,5
SAN,ATL,America/Los_Angeles,5
SAN,BOS,America/Los_Angeles,2
SAN,BWI,America/Los_Angeles,2
SAN,CLT,America/Los_Angeles,3
SAN,DAL,America/Los_Angeles,2
SAN,DEN,America/Los_Angeles,10
SAN,DFW,America/Los_Angeles,7
SAN,DTW,America/Los_Angeles,2
SAN,EWR,America/Los_Angeles,3
SAN,FLL,America/Los_Angeles,1
SAN,HNL,America/Los_Angeles,2
SAN,IAH,America/Los_Angeles,4
SAN,JFK,America/Los_Angeles,5
SAN,LAS,America/Los_Angeles,10
SAN,MCO,America/Los_Angeles,3
SAN,MDW,America/Los_Angeles,3
SAN,MIA,America/Los_Angeles,2
SAN,MSP,America/Los_Angeles,2
SAN,ORD,America/Los_Angeles,9
SAN,OTHER,America/Los_Angeles,42
SAN,PDX,America/Los_Angeles,6
SAN,PHL,America/Los_Angeles,2
SAN,PHX,America/Los_Angeles,13
SAN,SEA,America/Los_Angeles,7
SAN,SFO,America/Los_Angeles,14
SAN,SLC,America/Los_Angeles,6
SEA,ATL,America/Los_Angeles,8
SEA,BOS,America/Los_Angeles,4
SEA,BWI,America/Los_Angeles,1
SEA,CLT,America/Los_Angeles,3
SEA,DAL,America/Los_Angeles,1
SEA,DCA,America/Los_Angeles,2
SEA,DEN,America/Los_Angeles,13
SEA,DFW,America/Los_Angeles,9
SEA,DTW,America/Los_Angeles,5
SEA,EWR,America/Los_Angeles,4
SEA,FLL,America/Los_Angeles,1
SEA,HNL,America/Los_Angeles,5
SEA,IAH,America/Los_Angeles,5
SEA,JFK,America/Los_Angeles,6
SEA,LAS,America/Los_Angeles,15
SEA,LAX,America/Los_Angeles,24
SEA,MCO,America/Los_Angeles,3
SEA,MDW,America/Los_Angeles,2
SEA,MIA,America/Los_Angeles,1
SEA,MSP,America/Los_Angeles,6
SEA,ORD,America/Los_Angeles,11
SEA,OTHER,America/Los_Angeles,85
SEA,PDX,America/Los_Angeles,3
SEA,PHL,America/Los_Angeles,2
SEA,PHX,America/Los_Angeles,15
SEA,SAN,America/Los_Angeles,7
SEA,SFO,America/Los_Angeles,15
SEA,SLC,America/Los_Angeles,7
SEA,TPA,America/Los_Angeles,1
SFO,ATL,America/Los_Angeles,8
SFO,BOS,America/Los_Angeles,8
SFO,CLT,America/Los_Angeles,5
SFO,DAL,America/Los_Angeles,3
SFO,DCA,America/Los_Angeles,2
SFO,DEN,America/Los_Angeles,15
SFO,DFW,America/Los_Angeles,6
SFO,DTW,America/Los_Angeles,3
SFO,EWR,America/Los_Angeles,12
SFO,FLL,America/Los_Angeles,6
SFO,HNL,America/Los_Angeles,7
SFO,IAH,America/Los_Angeles,8
SFO,JFK,America/Los_Angeles,17
SFO,LAS,America/Los_Angeles,17
SFO,LAX,America/Los_Angeles,28
SFO,MCO,America/Los_Angeles,4
SFO,MDW,America/Los_Angeles,1
SFO,MIA,America/Los_Angeles,5
SFO,MSP,America/Los_Angeles,3
SFO,ORD,America/Los_Angeles,14
SFO,OTHER,America/Los_Angeles,42
SFO,PDX,America/Los_Angeles,9
SFO,PHL,America/Los_Angeles,4
SFO,PHX,America/Los_Angeles,10
SFO,SAN,America/Los_Angeles,13
SFO,SEA,America/Los_Angeles,17
SFO,SLC,America/Los_Angeles,5
HNL,ATL,Pacific/Honolulu,1
HNL,DEN,Pacific/Honolulu,1
HNL,DFW,Pacific/Honolulu,2
HNL,EWR,Pacific/Honolulu,1
HNL,IAH,Pacific/Honolulu,1
HNL,JFK,Pacific/Honolulu,2
HNL,LAS,Pacific/Honolulu,2
HNL,LAX,Pacific/Honolulu,18
HNL,MSP,Pacific/Honolulu,1
HNL,ORD,Pacific/Honolulu,1
HNL,OTHER,Pacific/Honolulu,77
HNL,PDX,Pacific/Honolulu,3
HNL,PHX,Pacific/Honolulu,4
HNL,SAN,Pacific/Honolulu,2
HNL,SEA,Pacific/Honolulu,5
HNL,SFO,Pacific/Honolulu,8
HNL,SLC,Pacific/Honolulu,1
OTHER,ATL,OTHER_TIMEZONE,283
OTHER,BOS,OTHER_TIMEZONE,51
OTHER,BWI,OTHER_TIMEZONE,89
OTHER,CLT,OTHER_TIMEZONE,59
OTHER,DAL,OTHER_TIMEZONE,75
OTHER,DCA,OTHER_TIMEZONE,29
OTHER,DEN,OTHER_TIMEZONE,128
OTHER,DFW,OTHER_TIMEZONE,127
OTHER,DTW,OTHER_TIMEZONE,26
OTHER,EWR,OTHER_TIMEZONE,37
OTHER,FLL,OTHER_TIMEZONE,69
OTHER,HNL,OTHER_TIMEZONE,76
OTHER,IAH,OTHER_TIMEZONE,34
OTHER,JFK,OTHER_TIMEZONE,91
OTHER,LAS,OTHER_TIMEZONE,126
OTHER,LAX,OTHER_TIMEZONE,108
OTHER,LGA,OTHER_TIMEZONE,29
OTHER,MCO,OTHER_TIMEZONE,118
OTHER,MDW,OTHER_TIMEZONE,85
OTHER,MIA,OTHER_TIMEZONE,30
OTHER,MSP,OTHER_TIMEZONE,41
OTHER,ORD,OTHER_TIMEZONE,66
OTHER,OTHER,OTHER_TIMEZONE,499
OTHER,PDX,OTHER_TIMEZONE,31
OTHER,PHL,OTHER_TIMEZONE,25
OTHER,PHX,OTHER_TIMEZONE,123
OTHER,SAN,OTHER_TIMEZONE,40
OTHER,SEA,OTHER_TIMEZONE,89
OTHER,SFO,OTHER_TIMEZONE,46
OTHER,SLC,OTHER_TIMEZONE,27
OTHER,TPA,OTHER_TIMEZONE,46