Country,Region,Happiness,GDP,Life_Expectancy,Social_support,Freedom,Corruption,Dystopia
Finland,Western Europe,7.842,10.775,72,0.954,0.949,0.186,3.253
Denmark,Western Europe,7.62,10.933,72.7,0.954,0.946,0.179,2.868
Switzerland,Western Europe,7.571,11.117,74.4,0.942,0.919,0.292,2.839
Iceland,Western Europe,7.554,10.878,73,0.983,0.955,0.673,2.967
Netherlands,Western Europe,7.464,10.932,72.4,0.942,0.913,0.338,2.798
Norway,Western Europe,7.392,11.053,73.3,0.954,0.96,0.27,2.58
Sweden,Western Europe,7.363,10.867,72.7,0.934,0.945,0.237,2.683
Luxembourg,Western Europe,7.324,11.647,72.6,0.908,0.907,0.386,2.653
New Zealand,North America and ANZ,7.277,10.643,73.4,0.948,0.929,0.242,2.612
Austria,Western Europe,7.268,10.906,73.3,0.934,0.908,0.481,2.784
Australia,North America and ANZ,7.183,10.796,73.9,0.94,0.914,0.442,2.598
Israel,Middle East and North Africa,7.157,10.575,73.503,0.939,0.8,0.753,3.083
Germany,Western Europe,7.155,10.873,72.5,0.903,0.875,0.46,2.824
Canada,North America and ANZ,7.103,10.776,73.8,0.926,0.915,0.415,2.585
Ireland,Western Europe,7.085,11.342,72.4,0.947,0.879,0.363,2.384
Costa Rica,Latin America and Caribbean,7.069,9.88,71.4,0.891,0.934,0.809,3.387
United Kingdom,Western Europe,7.064,10.707,72.5,0.934,0.859,0.459,2.596
Czech Republic,Central and Eastern Europe,6.965,10.556,70.807,0.947,0.858,0.868,3.124
United States,North America and ANZ,6.951,11.023,68.2,0.92,0.837,0.698,2.807
Belgium,Western Europe,6.834,10.823,72.199,0.906,0.783,0.646,2.862
France,Western Europe,6.69,10.704,74,0.942,0.822,0.571,2.521
Bahrain,Middle East and North Africa,6.647,10.669,69.495,0.862,0.925,0.722,2.631
Malta,Western Europe,6.602,10.674,72.2,0.931,0.927,0.653,2.268
Taiwan Province of China,East Asia,6.584,10.871,69.6,0.898,0.784,0.721,2.687
United Arab Emirates,Middle East and North Africa,6.561,11.085,67.333,0.844,0.932,0.589,2.422
Saudi Arabia,Middle East and North Africa,6.494,10.743,66.603,0.891,0.877,0.684,2.668
Spain,Western Europe,6.491,10.571,74.7,0.932,0.761,0.745,2.513
Italy,Western Europe,6.483,10.623,73.8,0.88,0.693,0.866,2.794
Slovenia,Central and Eastern Europe,6.461,10.529,71.4,0.948,0.949,0.806,2.388
Guatemala,Latin America and Caribbean,6.435,9.053,64.958,0.813,0.906,0.775,3.375
Uruguay,Latin America and Caribbean,6.431,9.966,69.1,0.925,0.896,0.59,2.6
Singapore,Southeast Asia,6.377,11.488,76.953,0.915,0.927,0.082,1.379
Kosovo,Central and Eastern Europe,6.372,9.318,63.813,0.821,0.869,0.917,3.182
Slovakia,Central and Eastern Europe,6.331,10.369,69.201,0.936,0.766,0.911,2.714
Brazil,Latin America and Caribbean,6.33,9.577,66.601,0.882,0.804,0.756,3.015
Mexico,Latin America and Caribbean,6.317,9.859,68.597,0.831,0.862,0.799,2.961
Jamaica,Latin America and Caribbean,6.309,9.186,67.5,0.877,0.89,0.884,3.135
Lithuania,Central and Eastern Europe,6.255,10.499,67.906,0.935,0.773,0.826,2.624
Cyprus,Western Europe,6.223,10.576,73.898,0.802,0.763,0.844,2.578
Estonia,Central and Eastern Europe,6.189,10.481,68.8,0.941,0.909,0.527,2.103
Panama,Latin America and Caribbean,6.18,10.35,69.652,0.896,0.872,0.856,2.509
Uzbekistan,Commonwealth of Independent States,6.179,8.836,65.255,0.918,0.97,0.515,2.477
Chile,Latin America and Caribbean,6.172,10.071,70,0.882,0.742,0.83,2.682
Poland,Central and Eastern Europe,6.166,10.382,69.702,0.898,0.841,0.735,2.438
Kazakhstan,Commonwealth of Independent States,6.152,10.155,65.2,0.952,0.853,0.733,2.446
Romania,Central and Eastern Europe,6.14,10.284,67.355,0.832,0.845,0.938,2.83
Kuwait,Middle East and North Africa,6.106,10.817,66.9,0.843,0.867,0.736,2.368
Serbia,Central and Eastern Europe,6.078,9.787,68.6,0.873,0.778,0.835,2.682
El Salvador,Latin America and Caribbean,6.061,9.054,66.402,0.762,0.888,0.688,3.085
Mauritius,Sub-Saharan Africa,6.049,10.008,66.701,0.905,0.867,0.789,2.462
Latvia,Central and Eastern Europe,6.032,10.315,67.1,0.927,0.715,0.8,2.536
Colombia,Latin America and Caribbean,6.012,9.557,68.001,0.847,0.837,0.841,2.794
Hungary,Central and Eastern Europe,5.992,10.358,68,0.943,0.755,0.876,2.432
Thailand,Southeast Asia,5.985,9.805,67.401,0.888,0.884,0.895,2.309
Nicaragua,Latin America and Caribbean,5.972,8.62,67.657,0.864,0.836,0.664,2.841
Japan,East Asia,5.94,10.611,75.1,0.884,0.796,0.638,2.048
Argentina,Latin America and Caribbean,5.929,9.962,69,0.898,0.828,0.834,2.461
Portugal,Western Europe,5.929,10.421,72.6,0.879,0.892,0.887,2.225
Honduras,Latin America and Caribbean,5.919,8.648,67.3,0.812,0.857,0.809,2.934
Croatia,Central and Eastern Europe,5.882,10.217,70.799,0.924,0.754,0.939,2.325
Philippines,Southeast Asia,5.88,9.076,62,0.83,0.917,0.742,2.872
South Korea,East Asia,5.845,10.651,73.9,0.799,0.672,0.727,2.262
Peru,Latin America and Caribbean,5.84,9.458,68.25,0.832,0.822,0.891,2.744
Bosnia and Herzegovina,Central and Eastern Europe,5.813,9.59,68.098,0.87,0.706,0.931,2.583
Moldova,Commonwealth of Independent States,5.766,9.454,65.699,0.857,0.822,0.918,2.665
Ecuador,Latin America and Caribbean,5.764,9.313,68.8,0.821,0.842,0.843,2.653
Kyrgyzstan,Commonwealth of Independent States,5.744,8.538,64.401,0.893,0.935,0.908,2.648
Greece,Western Europe,5.723,10.279,72.6,0.823,0.582,0.823,2.561
Bolivia,Latin America and Caribbean,5.716,9.046,63.901,0.81,0.875,0.839,2.805
Mongolia,East Asia,5.677,9.4,62.5,0.935,0.708,0.856,2.492
Paraguay,Latin America and Caribbean,5.653,9.448,65.9,0.893,0.876,0.882,2.306
Montenegro,Central and Eastern Europe,5.581,9.94,68.699,0.858,0.708,0.812,2.254
Dominican Republic,Latin America and Caribbean,5.545,9.802,66.102,0.853,0.86,0.714,2.178
North Cyprus,Western Europe,5.536,10.576,73.898,0.82,0.795,0.626,1.653
Belarus,Commonwealth of Independent States,5.534,9.853,66.253,0.91,0.65,0.627,2.247
Russia,Commonwealth of Independent States,5.477,10.189,64.703,0.903,0.718,0.845,2.148
Hong Kong S.A.R. of China,East Asia,5.477,11,76.82,0.836,0.717,0.403,1.236
Tajikistan,Commonwealth of Independent States,5.466,8.091,64.281,0.86,0.832,0.553,2.619
Vietnam,Southeast Asia,5.411,8.973,68.034,0.85,0.94,0.796,2.211
Libya,Middle East and North Africa,5.41,9.622,62.3,0.827,0.771,0.667,2.331
Malaysia,Southeast Asia,5.384,10.238,67.102,0.817,0.895,0.839,1.784
Indonesia,Southeast Asia,5.345,9.365,62.236,0.811,0.873,0.867,1.987
Congo (Brazzaville),Sub-Saharan Africa,5.342,8.117,58.221,0.636,0.695,0.745,3.476
China,East Asia,5.339,9.673,69.593,0.811,0.904,0.755,1.982
Ivory Coast,Sub-Saharan Africa,5.306,8.551,50.114,0.644,0.741,0.794,3.469
Armenia,Commonwealth of Independent States,5.283,9.487,67.055,0.799,0.825,0.629,2.127
Nepal,South Asia,5.269,8.12,64.233,0.774,0.782,0.727,2.642
Bulgaria,Central and Eastern Europe,5.266,10.016,67,0.931,0.788,0.932,1.823
Maldives,South Asia,5.198,9.826,70.6,0.913,0.854,0.825,1.52
Azerbaijan,Commonwealth of Independent States,5.171,9.569,65.656,0.836,0.814,0.506,1.919
Cameroon,Sub-Saharan Africa,5.142,8.189,53.515,0.71,0.731,0.848,3.195
Senegal,Sub-Saharan Africa,5.132,8.118,59.802,0.71,0.695,0.801,3.071
Albania,Central and Eastern Europe,5.117,9.52,68.999,0.697,0.785,0.901,2.25
North Macedonia,Central and Eastern Europe,5.101,9.693,65.474,0.805,0.751,0.905,2.042
Ghana,Sub-Saharan Africa,5.088,8.58,57.586,0.727,0.807,0.848,2.684
Niger,Sub-Saharan Africa,5.074,7.098,53.78,0.641,0.806,0.693,3.47
Turkmenistan,Commonwealth of Independent States,5.066,9.629,62.409,0.983,0.877,0.888,1.409
Gambia,Sub-Saharan Africa,5.051,7.686,55.16,0.69,0.697,0.746,2.99
Benin,Sub-Saharan Africa,5.045,8.087,54.713,0.489,0.757,0.661,3.482
Laos,Southeast Asia,5.03,8.947,58.968,0.728,0.91,0.658,2.204
Bangladesh,South Asia,5.025,8.454,64.8,0.693,0.877,0.682,2.427
Guinea,Sub-Saharan Africa,4.984,7.838,55.008,0.639,0.697,0.766,3.216
South Africa,Sub-Saharan Africa,4.956,9.403,56.904,0.86,0.749,0.86,2.187
Turkey,Middle East and North Africa,4.948,10.24,67.199,0.822,0.576,0.776,1.852
Pakistan,South Asia,4.934,8.458,58.709,0.651,0.726,0.787,2.784
Morocco,Middle East and North Africa,4.918,8.903,66.208,0.56,0.774,0.801,2.749
Venezuela,Latin America and Caribbean,4.892,9.073,66.7,0.861,0.615,0.827,2.135
Georgia,Commonwealth of Independent States,4.891,9.585,64.3,0.671,0.783,0.655,2.191
Algeria,Middle East and North Africa,4.887,9.342,66.005,0.802,0.48,0.752,2.242
Ukraine,Commonwealth of Independent States,4.875,9.436,64.902,0.888,0.724,0.924,1.813
Iraq,Middle East and North Africa,4.854,9.24,60.583,0.746,0.63,0.875,2.429
Gabon,Sub-Saharan Africa,4.852,9.603,59.962,0.776,0.731,0.84,2.201
Burkina Faso,Sub-Saharan Africa,4.834,7.678,54.151,0.672,0.695,0.748,3.133
Cambodia,Southeast Asia,4.83,8.36,62,0.765,0.959,0.843,2.148
Mozambique,Sub-Saharan Africa,4.794,7.158,54.706,0.744,0.882,0.684,2.783
Nigeria,Sub-Saharan Africa,4.759,8.533,50.102,0.74,0.737,0.878,2.736
Mali,Sub-Saharan Africa,4.723,7.744,51.969,0.724,0.697,0.827,3.016
Iran,Middle East and North Africa,4.721,9.584,66.3,0.71,0.608,0.714,1.823
Uganda,Sub-Saharan Africa,4.636,7.677,56.101,0.781,0.709,0.855,2.596
Liberia,Sub-Saharan Africa,4.625,7.288,56.498,0.72,0.735,0.85,2.857
Kenya,Sub-Saharan Africa,4.607,8.361,60.704,0.688,0.779,0.825,2.18
Tunisia,Middle East and North Africa,4.596,9.266,67.201,0.691,0.656,0.87,2.138
Lebanon,Middle East and North Africa,4.584,9.626,67.355,0.848,0.525,0.898,1.736
Namibia,Sub-Saharan Africa,4.574,9.161,56.799,0.818,0.719,0.847,2.068
Palestinian Territories,Middle East and North Africa,4.517,8.485,62.25,0.826,0.653,0.821,2.131
Myanmar,Southeast Asia,4.426,8.541,59.302,0.779,0.876,0.66,1.407
Jordan,Middle East and North Africa,4.395,9.182,67,0.767,0.755,0.705,1.553
Chad,Sub-Saharan Africa,4.355,7.364,48.478,0.619,0.579,0.807,3.209
Sri Lanka,South Asia,4.325,9.47,67.299,0.827,0.841,0.863,1.075
Swaziland,Sub-Saharan Africa,4.308,9.065,50.833,0.77,0.647,0.708,2.155
Comoros,Sub-Saharan Africa,4.289,8.031,57.349,0.626,0.548,0.781,2.61
Egypt,Middle East and North Africa,4.283,9.367,61.998,0.75,0.749,0.795,1.648
Ethiopia,Sub-Saharan Africa,4.275,7.694,59,0.764,0.752,0.761,2.089
Mauritania,Sub-Saharan Africa,4.227,8.542,57.161,0.795,0.561,0.731,2.069
Madagascar,Sub-Saharan Africa,4.208,7.396,59.305,0.686,0.552,0.803,2.62
Togo,Sub-Saharan Africa,4.107,7.362,54.914,0.569,0.619,0.772,2.806
Zambia,Sub-Saharan Africa,4.073,8.145,55.809,0.708,0.782,0.823,1.975
Sierra Leone,Sub-Saharan Africa,3.849,7.434,51.651,0.63,0.717,0.866,2.396
India,South Asia,3.819,8.755,60.633,0.603,0.893,0.774,1.405
Burundi,Sub-Saharan Africa,3.775,6.635,53.4,0.49,0.626,0.607,2.876
Yemen,Middle East and North Africa,3.658,7.578,57.122,0.832,0.602,0.8,1.776
Tanzania,Sub-Saharan Africa,3.623,7.876,57.999,0.702,0.833,0.577,1.263
Haiti,Latin America and Caribbean,3.615,7.477,55.7,0.54,0.593,0.721,2.06
Malawi,Sub-Saharan Africa,3.6,6.958,57.948,0.537,0.78,0.729,2.19
Lesotho,Sub-Saharan Africa,3.512,7.926,48.7,0.787,0.715,0.915,1.8
Botswana,Sub-Saharan Africa,3.467,9.782,59.269,0.784,0.824,0.801,0.648
Rwanda,Sub-Saharan Africa,3.415,7.676,61.4,0.552,0.897,0.167,1.095
Zimbabwe,Sub-Saharan Africa,3.145,7.943,56.201,0.75,0.677,0.821,1.205
Afghanistan,South Asia,2.523,7.695,52.493,0.463,0.382,0.924,1.895
