Country,Beverage Types,2016,2015,2014,2013,2012,2011,2010
Afghanistan, All types,,0.02,0.03,0.03,0.04,0.04,0.03
Afghanistan, Beer,,0.01,0.01,0.01,0.01,0.01,0.01
Afghanistan, Wine,,0,0,0,0,0,0
Afghanistan, Spirits,,0.02,0.02,0.02,0.03,0.03,0.02
Afghanistan, Other alcoholic beverages,,0,0,0,0,0,0
Albania, All types,5.07,4.77,4.81,5.06,5.43,5.65,5.53
Albania, Beer,1.74,1.57,1.58,1.82,1.81,1.88,1.72
Albania, Wine,1.34,1.17,1.12,1.06,1.3,1.27,1.3
Albania, Spirits,1.9,1.94,2.02,2.09,2.22,2.4,2.39
Albania, Other alcoholic beverages,0.09,0.08,0.09,0.09,0.1,0.1,0.12
Algeria, All types,0.56,0.56,0.56,0.54,0.49,0.44,0.39
Algeria, Beer,0.32,0.31,0.28,0.26,0.23,0.21,0.18
Algeria, Wine,0.14,0.14,0.18,0.18,0.18,0.17,0.16
Algeria, Spirits,0.1,0.1,0.1,0.1,0.07,0.06,0.04
Algeria, Other alcoholic beverages,0,0,0,0,0,0,0
Andorra, All types,10.06,9.97,9.95,9.78,10.06,10.31,10.64
Andorra, Beer,3.43,3.33,3.33,3.11,3.26,3.25,3.54
Andorra, Wine,4.22,4.32,4.28,4.33,4.46,4.55,4.38
Andorra, Spirits,2.41,2.32,2.34,2.35,2.35,2.51,2.73
Andorra, Other alcoholic beverages,0,0,0,0,0,0,0
Angola, All types,4.7,5.65,9,8.02,8.14,7.86,7.67
Angola, Beer,3.3,3.66,5.06,5.02,5.17,4.98,4.75
Angola, Wine,0.83,1.24,2.65,1.93,1.95,1.85,1.83
Angola, Spirits,0.53,0.7,1.21,1.02,0.98,0.98,1.02
Angola, Other alcoholic beverages,0.04,0.05,0.07,0.06,0.04,0.04,0.08
Antigua and Barbuda, All types,,8.45,8.45,8.5,8.3,7.91,7.81
Antigua and Barbuda, Beer,,2.79,2.7,2.74,2.78,2.84,2.87
Antigua and Barbuda, Wine,,1.55,1.81,1.66,1.68,1.51,1.42
Antigua and Barbuda, Spirits,,3.84,3.66,3.81,3.54,3.27,3.24
Antigua and Barbuda, Other alcoholic beverages,,0.27,0.29,0.28,0.3,0.29,0.28
Argentina, All types,,8.42,7.93,8.2,8.35,8.11,8.15
Argentina, Beer,,3.36,3.36,3.32,3.21,3.15,3.32
Argentina, Wine,,3.38,3.22,3.48,4.04,4.05,3.91
Argentina, Spirits,,0.81,0.56,0.52,0.25,0.24,0.45
Argentina, Other alcoholic beverages,,0.87,0.8,0.89,0.85,0.68,0.47
Armenia, All types,3.77,3.84,3.97,3.72,3.84,4.06,4.23
Armenia, Beer,0.4,0.46,0.51,0.42,0.25,0.33,0.39
Armenia, Wine,0.26,0.2,0.13,0.13,0.31,0.39,0.3
Armenia, Spirits,3.1,3.16,3.32,3.17,3.27,3.33,3.52
Armenia, Other alcoholic beverages,0,0,0.01,0.01,0.01,0.01,0.01
Australia, All types,9.71,9.52,9.71,9.87,10.03,10.3,10.52
Australia, Beer,3.87,3.76,4.01,4.04,4.14,4.31,4.51
Australia, Wine,3.64,3.66,3.64,3.7,3.78,3.79,3.87
Australia, Spirits,1.25,1.22,1.23,1.29,1.26,1.34,1.3
Australia, Other alcoholic beverages,0.95,0.88,0.83,0.84,0.85,0.86,0.84
Austria, All types,,11.4,12.2,11.6,12.1,11.9,12.1
Austria, Beer,,6.1,6.3,6,6.3,6.1,6.1
Austria, Wine,,3.6,4.2,3.9,4.1,4.1,4.3
Austria, Spirits,,1.7,1.7,1.7,1.7,1.7,1.7
Austria, Other alcoholic beverages,,,0,0,0,0,0
Azerbaijan, All types,0.39,0.84,1.95,2.04,1.98,1.94,1.9
Azerbaijan, Beer,0.24,0.3,0.19,0.31,0.29,0.28,0.29
Azerbaijan, Wine,0.14,0.13,0.15,0.15,0.15,0.15,0.15
Azerbaijan, Spirits,0,0.4,1.61,1.57,1.53,1.5,1.46
Azerbaijan, Other alcoholic beverages,0.01,0,0.01,0.01,0.01,0.01,0.01
Bahamas, All types,,8.65,8.62,8.55,8.86,8.94,8.75
Bahamas, Beer,,3.39,3.53,3.47,3.41,3.34,3.23
Bahamas, Wine,,1.44,1.31,1.35,1.61,1.65,1.54
Bahamas, Spirits,,3.56,3.51,3.46,3.56,3.68,3.69
Bahamas, Other alcoholic beverages,,0.26,0.27,0.27,0.27,0.27,0.29
Bahrain, All types,2.08,2.16,2.12,2.12,2.02,1.86,2.1
Bahrain, Beer,0.39,0.39,0.38,0.36,0.35,0.34,0.45
Bahrain, Wine,0.13,0.13,0.12,0.11,0.11,0.12,0.11
Bahrain, Spirits,0.94,1,1.04,1.14,1.22,1.19,1.34
Bahrain, Other alcoholic beverages,0.61,0.64,0.58,0.51,0.34,0.22,0.2
Bangladesh, All types,,0.01,0.01,0.01,0.01,0.01,0.01
Bangladesh, Beer,,0,0,0,0,0,0
Bangladesh, Wine,,0,0,0,0,0,0
Bangladesh, Spirits,,0,0,0,0,0,0
Bangladesh, Other alcoholic beverages,,0,0,0,0,0,0
Barbados, All types,,9.15,8.97,8.88,8.79,8.49,8.45
Barbados, Beer,,3.44,3.48,3.46,3.44,3.37,3.33
Barbados, Wine,,0.96,0.83,0.89,0.87,0.79,0.9
Barbados, Spirits,,4.58,4.47,4.35,4.28,4.13,4.02
Barbados, Other alcoholic beverages,,0.17,0.18,0.19,0.2,0.21,0.21
Belarus, All types,10.05,10.09,11.71,12.37,14.14,15.05,13.88
Belarus, Beer,2.29,2.29,2.48,2.55,2.53,2.6,2.47
Belarus, Wine,0.23,0.21,0.24,0.24,0.24,0.23,0.2
Belarus, Spirits,4.92,4.62,5.21,5.57,7.1,6.9,5.89
Belarus, Other alcoholic beverages,2.61,2.97,3.77,4.01,4.27,5.33,5.31
Belgium, All types,,10.36,10.57,10.33,10.09,10.14,10.27
Belgium, Beer,,4.6,4.72,4.6,4.78,4.89,5.03
Belgium, Wine,,3.97,3.97,3.87,3.72,3.71,3.72
Belgium, Spirits,,1.47,1.47,1.42,1.54,1.49,1.48
Belgium, Other alcoholic beverages,,0.32,0.41,0.44,0.05,0.05,0.05
Belize, All types,,6.2,6.17,6.17,6.28,6.26,6.38
Belize, Beer,,4.29,4.18,4.18,4.21,4.26,4.35
Belize, Wine,,0.12,0.15,0.17,0.2,0.14,0.13
Belize, Spirits,,1.65,1.69,1.68,1.72,1.71,1.75
Belize, Other alcoholic beverages,,0.14,0.14,0.15,0.16,0.15,0.15
Benin, All types,,1.55,1.6,1.45,1.42,1.44,1.37
Benin, Beer,,0.99,1,0.88,0.95,0.79,0.67
Benin, Wine,,0.15,0.19,0.15,0.13,0.22,0.25
Benin, Spirits,,0.2,0.2,0.2,0.14,0.16,0.16
Benin, Other alcoholic beverages,,0.21,0.21,0.21,0.2,0.28,0.29
Bhutan, All types,,,,0.19,0.4,0.18,1.16
Bhutan, Beer,,,,0.09,0.13,0.03,1.06
Bhutan, Wine,,,,0.01,0.01,0,0.02
Bhutan, Spirits,,,,0.1,0.26,0.15,0.08
Bhutan, Other alcoholic beverages,,,,0,0,0,0
Bolivia (Plurinational State of), All types,3.57,3.61,3.69,3.73,3.82,3.86,3.9
Bolivia (Plurinational State of), Beer,2.6,2.65,2.7,2.69,2.77,2.85,2.97
Bolivia (Plurinational State of), Wine,0.15,0.15,0.16,0.17,0.22,0.24,0.22
Bolivia (Plurinational State of), Spirits,0.76,0.76,0.77,0.77,0.75,0.73,0.69
Bolivia (Plurinational State of), Other alcoholic beverages,0.06,0.06,0.05,0.05,0.04,0.04,0.02
Bosnia and Herzegovina, All types,4.44,4.33,4.34,4.43,4.69,4.65,4.5
Bosnia and Herzegovina, Beer,3.37,3.28,3.2,3.28,3.5,3.43,3.33
Bosnia and Herzegovina, Wine,0.38,0.37,0.47,0.47,0.48,0.48,0.44
Bosnia and Herzegovina, Spirits,0.55,0.54,0.53,0.54,0.57,0.61,0.62
Bosnia and Herzegovina, Other alcoholic beverages,0.14,0.14,0.14,0.14,0.13,0.13,0.12
Botswana, All types,,6.22,5.47,4.72,5.13,6,5.61
Botswana, Beer,,2.99,2.84,2.54,2.2,2.23,2.34
Botswana, Wine,,1.46,0.86,0.41,0.42,0.55,0.71
Botswana, Spirits,,0.27,0.27,0.27,0.56,1.48,0.63
Botswana, Other alcoholic beverages,,1.49,1.49,1.49,1.95,1.75,1.94
Brazil, All types,6.31,6.97,7.17,7.1,7.31,7.43,7.38
Brazil, Beer,3.9,4.45,4.53,4.36,4.52,4.4,4.34
Brazil, Wine,0.21,0.25,0.27,0.27,0.25,0.42,0.4
Brazil, Spirits,2.16,2.24,2.33,2.44,2.51,2.58,2.61
Brazil, Other alcoholic beverages,0.03,0.03,0.03,0.03,0.03,0.03,0.03
Brunei Darussalam, All types,,0.64,0.64,0.64,0.65,0.94,0.87
Brunei Darussalam, Beer,,0.64,0.64,0.64,0.65,0.85,0.82
Brunei Darussalam, Wine,,0,0,0,0,0.05,0.01
Brunei Darussalam, Spirits,,0,0,0,0,0.05,0.03
Brunei Darussalam, Other alcoholic beverages,,0,0,0,0,0,0
Bulgaria, All types,11.49,11.3,10.67,10.74,11.3,11.05,10.83
Bulgaria, Beer,4.45,4.22,4.06,4.26,4.3,4.1,4.01
Bulgaria, Wine,1.97,1.96,1.74,1.53,1.93,1.72,1.73
Bulgaria, Spirits,4.92,4.99,4.76,4.87,4.98,5.16,5.02
Bulgaria, Other alcoholic beverages,0.14,0.13,0.11,0.09,0.08,0.07,0.07
Burkina Faso, All types,,4.87,4.85,4.63,4.64,4.51,4.65
Burkina Faso, Beer,,0.88,0.85,0.67,0.63,0.53,0.46
Burkina Faso, Wine,,0.13,0.14,0.1,0.1,0.18,0.17
Burkina Faso, Spirits,,0.24,0.24,0.24,0.2,0.13,0.12
Burkina Faso, Other alcoholic beverages,,3.62,3.62,3.62,3.7,3.67,3.9
Burundi, All types,,,,,,4.16,4.16
Burundi, Beer,,,,,,1.63,1.59
Burundi, Wine,,,,,,0,0
Burundi, Spirits,,,,,,0,0
Burundi, Other alcoholic beverages,,,,,,2.51,2.56
Cabo Verde, All types,,4.12,3.88,3.53,4.98,5.06,4.73
Cabo Verde, Beer,,2.27,2.27,2.27,2.31,2.81,2.51
Cabo Verde, Wine,,1.85,1.62,1.26,1.52,1.55,1.62
Cabo Verde, Spirits,,0,0,0,1.16,0.7,0.61
Cabo Verde, Other alcoholic beverages,,0,0,0,0,0,0
Cambodia, All types,3.5,3.32,3.04,2.78,2.5,2.38,2.14
Cambodia, Beer,3.08,2.92,2.63,2.37,2.09,1.98,1.75
Cambodia, Wine,0.02,0,0,0,0,0,0
Cambodia, Spirits,0.39,0.39,0.4,0.41,0.41,0.4,0.39
Cambodia, Other alcoholic beverages,0,0,0,0,0,0,0
Cameroon, All types,,6.5,6.71,6.67,6.35,6.12,6.17
Cameroon, Beer,,2.83,3.01,2.98,2.81,2.5,2.53
Cameroon, Wine,,0.09,0.13,0.11,0.11,0.11,0.09
Cameroon, Spirits,,0.01,0.01,0.01,0.02,0,0.01
Cameroon, Other alcoholic beverages,,3.57,3.57,3.57,3.41,3.51,3.54
Canada, All types,8.2,8,8.1,8.2,8.3,8.2,8.4
Canada, Beer,3.7,3.7,3.8,3.9,4,4,4.2
Canada, Wine,2.1,2,2,2,2,1.9,1.9
Canada, Spirits,2.1,2,2,2.1,2.1,2.1,2.1
Canada, Other alcoholic beverages,0.3,0.3,0.3,0.2,0.2,0.2,0.2
Central African Republic, All types,,1.68,1.59,1.46,1.72,1.77,1.82
Central African Republic, Beer,,0.43,0.36,0.22,0.31,0.32,0.29
Central African Republic, Wine,,0.01,0,0,0,0.01,0.02
Central African Republic, Spirits,,0,0,0,0,0.02,0.04
Central African Republic, Other alcoholic beverages,,1.23,1.23,1.23,1.41,1.42,1.48
Chad, All types,,0.69,0.68,0.63,0.63,0.6,0.55
Chad, Beer,,0.48,0.47,0.42,0.37,0.37,0.32
Chad, Wine,,0.01,0.01,0.01,0.04,0.05,0.05
Chad, Spirits,,0.04,0.04,0.04,0.04,0.04,0.03
Chad, Other alcoholic beverages,,0.16,0.16,0.16,0.18,0.14,0.15
Chile, All types,,7.89,7.92,7.23,8.35,7.02,7.55
Chile, Beer,,2.85,2.79,2.67,2.55,2.51,2.35
Chile, Wine,,2.61,2.85,2.37,2.65,2.51,3.1
Chile, Spirits,,2.43,2.28,2.19,3.15,2,2.1
Chile, Other alcoholic beverages,,0,0,0,0,0,0
China, All types,5.74,5.74,5.81,5.81,5.74,5.65,5.75
China, Beer,1.7,1.76,1.88,1.9,1.83,1.77,1.67
China, Wine,0.18,0.17,0.16,0.17,0.18,0.21,0.17
China, Spirits,3.86,3.81,3.76,3.73,3.72,3.67,3.98
China, Other alcoholic beverages,0,0,0,0,0,0,0
Colombia, All types,4.46,4.43,4.3,4.33,4.35,4.29,4.21
Colombia, Beer,3.18,3.13,2.99,2.98,2.99,2.9,2.8
Colombia, Wine,0.05,0.05,0.05,0.05,0.05,0.06,0.07
Colombia, Spirits,1.22,1.23,1.24,1.28,1.29,1.31,1.33
Colombia, Other alcoholic beverages,0.01,0.02,0.02,0.02,0.02,0.02,0.02
Comoros, All types,,,,0.25,0.11,0.12,0.15
Comoros, Beer,,,,0.06,0.03,0.02,0.04
Comoros, Wine,,,,0.08,0.04,0.05,0.03
Comoros, Spirits,,,,0.11,0.04,0.05,0.08
Comoros, Other alcoholic beverages,,,,0,0,0,0
Congo, All types,,4.86,4.93,4.71,4.46,4.34,4.12
Congo, Beer,,4.1,4.13,3.96,3.88,3.76,3.53
Congo, Wine,,0.23,0.24,0.2,0.01,0.01,0.01
Congo, Spirits,,0.5,0.53,0.53,0.54,0.55,0.56
Congo, Other alcoholic beverages,,0.03,0.03,0.03,0.02,0.02,0.02
Cook Islands, All types,,,,15.78,13.67,7.07,13.01
Cook Islands, Beer,,,,5,2.63,2.45,2.1
Cook Islands, Wine,,,,2.54,2.7,1.49,5.06
Cook Islands, Spirits,,,,8.24,8.34,3.12,5.86
Cook Islands, Other alcoholic beverages,,,,0,0,0,0
Costa Rica, All types,3.7,3.63,3.56,3.53,3.43,3.49,3.65
Costa Rica, Beer,2.38,2.31,2.27,2.24,2.23,2.12,2.11
Costa Rica, Wine,0.27,0.27,0.26,0.23,0.2,0.21,0.19
Costa Rica, Spirits,1.03,1.02,1,1.02,0.96,1.12,1.31
Costa Rica, Other alcoholic beverages,0.03,0.03,0.04,0.04,0.04,0.04,0.04
Côte d'Ivoire, All types,,4.79,4.67,4.56,4.69,4.61,4.77
Côte d'Ivoire, Beer,,1.05,0.93,0.8,0.79,0.72,0.7
Côte d'Ivoire, Wine,,0.24,0.25,0.27,0.27,0.27,0.27
Côte d'Ivoire, Spirits,,0.01,0.01,0.01,0.05,0.02,0.02
Côte d'Ivoire, Other alcoholic beverages,,3.49,3.49,3.49,3.59,3.59,3.78
Croatia, All types,10.32,9.89,10.64,11.64,11.92,12.43,12.11
Croatia, Beer,4.59,4.5,4.26,4.62,4.57,4.74,4.5
Croatia, Wine,4.03,3.68,4.67,5.36,5.7,6.05,5.99
Croatia, Spirits,1.34,1.34,1.33,1.28,1.25,1.21,1.2
Croatia, Other alcoholic beverages,0.36,0.36,0.37,0.37,0.4,0.43,0.43
Cuba, All types,4.59,4.6,4.48,4.32,4.15,4.15,4.1
Cuba, Beer,1.71,1.78,1.73,1.69,1.65,1.63,1.61
Cuba, Wine,0.23,0.23,0.23,0.23,0.08,0.08,0.06
Cuba, Spirits,2.63,2.57,2.51,2.38,2.4,2.43,2.42
Cuba, Other alcoholic beverages,0.02,0.02,0.01,0.02,0.02,0.02,0.02
Cyprus, All types,,9.55,9.59,9.04,10.56,10.7,11.32
Cyprus, Beer,,2.84,3.21,3.3,3.48,3.53,3.78
Cyprus, Wine,,2.71,2.78,2.48,2.61,2.56,2.67
Cyprus, Spirits,,4,3.6,3.25,4.47,4.61,4.86
Cyprus, Other alcoholic beverages,,0,0,0,0,0,0
Czechia, All types,12.99,12.82,13.06,12.84,12.97,12.61,12.65
Czechia, Beer,6.92,6.9,7.15,7.15,7.15,6.79,6.79
Czechia, Wine,2.77,2.67,2.7,2.6,2.65,2.58,2.58
Czechia, Spirits,3.3,3.25,3.21,3.09,3.17,3.25,3.28
Czechia, Other alcoholic beverages,0,0,0,0,0,0,0
Democratic People's Republic of Korea, All types,,3.35,3.35,3.35,3.61,3.39,3.12
Democratic People's Republic of Korea, Beer,,0.09,0.09,0.09,0.09,0.15,0.16
Democratic People's Republic of Korea, Wine,,0,0,0,0,0,0
Democratic People's Republic of Korea, Spirits,,3.26,3.26,3.26,3.52,3.24,2.96
Democratic People's Republic of Korea, Other alcoholic beverages,,0,0,0,0,0,0
Democratic Republic of the Congo, All types,,1.39,1.58,1.62,1.72,1.65,1.67
Democratic Republic of the Congo, Beer,,0.54,0.73,0.77,0.68,0.66,0.59
Democratic Republic of the Congo, Wine,,0.01,0.01,0.01,0.2,0.15,0.23
Democratic Republic of the Congo, Spirits,,0.01,0.01,0.01,0.01,0.01,0.04
Democratic Republic of the Congo, Other alcoholic beverages,,0.83,0.83,0.83,0.83,0.83,0.81
Denmark, All types,9.55,9.38,9.53,9.43,9.1,10.22,10.24
Denmark, Beer,3.57,3.49,3.62,3.51,3.52,3.77,3.9
Denmark, Wine,4.27,4.21,4.34,4.35,4.13,4.99,4.88
Denmark, Spirits,1.63,1.68,1.57,1.57,1.46,1.46,1.46
Denmark, Other alcoholic beverages,0.08,0,0,0,0,0,0
Djibouti, All types,0.36,0.37,0.34,0.52,0.47,0.51,0.5
Djibouti, Beer,0.1,0.1,0.08,0.11,0.12,0.2,0.21
Djibouti, Wine,0.06,0.06,0.03,0.17,0.12,0.08,0.05
Djibouti, Spirits,0.2,0.2,0.23,0.23,0.22,0.22,0.23
Djibouti, Other alcoholic beverages,0,0,0,0.01,0.01,0.01,0.01
Dominica, All types,,,,8.41,8.48,5.46,7.45
Dominica, Beer,,,,0.93,0.94,0.11,0.48
Dominica, Wine,,,,0,0,0.48,0.74
Dominica, Spirits,,,,7.47,7.54,4.79,6.16
Dominica, Other alcoholic beverages,,,,0,0,0.09,0.08
Dominican Republic, All types,5.5,6.14,6.02,6.03,6.02,6.01,6.12
Dominican Republic, Beer,2.87,3.49,3.41,3.33,3.29,3.25,3.27
Dominican Republic, Wine,0.24,0.24,0.22,0.2,0.19,0.18,0.16
Dominican Republic, Spirits,2.31,2.34,2.33,2.43,2.48,2.5,2.61
Dominican Republic, Other alcoholic beverages,0.08,0.07,0.06,0.07,0.07,0.07,0.07
Ecuador, All types,3.17,3.67,3.8,3.78,3.92,4,3.96
Ecuador, Beer,2.53,3,3,2.96,2.88,2.78,2.68
Ecuador, Wine,0.05,0.05,0.06,0.05,0.06,0.05,0.05
Ecuador, Spirits,0.56,0.6,0.72,0.75,0.96,1.15,1.21
Ecuador, Other alcoholic beverages,0.02,0.02,0.02,0.02,0.02,0.02,0.02
Egypt, All types,0.18,0.18,0.2,0.2,0.2,0.2,0.21
Egypt, Beer,0.11,0.11,0.11,0.11,0.11,0.11,0.11
Egypt, Wine,0.01,0.01,0.02,0.02,0.02,0.02,0.02
Egypt, Spirits,0.06,0.06,0.07,0.06,0.07,0.06,0.07
Egypt, Other alcoholic beverages,0,0,0,0,0,0,0
El Salvador, All types,2.68,2.57,2.47,2.36,2.42,2.31,2.29
El Salvador, Beer,1.28,1.17,1.08,1.05,1.01,0.94,0.92
El Salvador, Wine,0.04,0.04,0.04,0.04,0.03,0.04,0.04
El Salvador, Spirits,1.36,1.35,1.35,1.27,1.38,1.33,1.33
El Salvador, Other alcoholic beverages,0,0,0,0,0,0,0
Equatorial Guinea, All types,,9.85,10.23,10.16,11.65,10.78,9.76
Equatorial Guinea, Beer,,8.17,8.39,8.67,7.82,7.21,6.05
Equatorial Guinea, Wine,,1.68,1.85,1.49,3.83,3.56,3.71
Equatorial Guinea, Spirits,,0,0,0,0,0,0
Equatorial Guinea, Other alcoholic beverages,,0,0,0,0,0,0
Eritrea, All types,,,,,,0.62,0.61
Eritrea, Beer,,,,,,0.38,0.4
Eritrea, Wine,,,,,,0,0
Eritrea, Spirits,,,,,,0,0
Eritrea, Other alcoholic beverages,,,,,,0.23,0.21
Estonia, All types,15.35,16.64,17.29,17.75,16.96,16.27,14.97
Estonia, Beer,5.02,5.44,5.66,5.8,5.55,5.32,4.9
Estonia, Wine,1.14,1.23,1.28,1.31,1.26,1.2,1.11
Estonia, Spirits,7.72,8.37,8.7,8.93,8.53,8.18,7.53
Estonia, Other alcoholic beverages,1.47,1.6,1.65,1.71,1.62,1.57,1.43
Eswatini, All types,,7.38,7.46,6.53,5.54,5.95,5.65
Eswatini, Beer,,1.81,1.71,1.79,1.54,1.63,1.65
Eswatini, Wine,,1.19,1.37,0.37,0.06,0.06,0.05
Eswatini, Spirits,,0,0,0,0,0.13,0.02
Eswatini, Other alcoholic beverages,,4.37,4.37,4.37,3.94,4.12,3.93
Ethiopia, All types,,1.43,1.43,1.43,1.4,0.86,0.88
Ethiopia, Beer,,0.78,0.78,0.78,0.78,0.35,0.36
Ethiopia, Wine,,0,0,0,0,0,0
Ethiopia, Spirits,,0.12,0.12,0.12,0.12,0.05,0.06
Ethiopia, Other alcoholic beverages,,0.53,0.53,0.53,0.5,0.46,0.46
Fiji, All types,,2.21,2.32,2.3,2.24,2.13,2.25
Fiji, Beer,,1.54,1.66,1.64,1.57,1.49,1.35
Fiji, Wine,,0.03,0.03,0.03,0.03,0.02,0.02
Fiji, Spirits,,0.64,0.64,0.64,0.64,0.62,0.88
Fiji, Other alcoholic beverages,,0,0,0,0,0,0
Finland, All types,8.43,8.51,8.75,9.07,9.27,9.81,9.72
Finland, Beer,4.11,4.13,4.17,4.28,4.27,4.61,4.47
Finland, Wine,1.74,1.75,1.8,1.84,1.89,1.74,1.7
Finland, Spirits,1.81,1.84,1.92,2.03,2.15,2.25,2.33
Finland, Other alcoholic beverages,0.77,0.79,0.86,0.92,0.96,1.21,1.22
France, All types,11.74,11.87,11.97,11.64,12.24,12.37,12.33
France, Beer,2.21,2.16,2.26,1.8,2.15,2.1,2.18
France, Wine,6.9,7.09,7.04,7.13,7.33,7.41,7.27
France, Spirits,2.43,2.42,2.47,2.5,2.54,2.64,2.65
France, Other alcoholic beverages,0.2,0.2,0.2,0.21,0.22,0.22,0.23
Gabon, All types,,9.54,9.54,8.7,8.27,8.65,8.86
Gabon, Beer,,7.28,7.25,6.2,5.81,5.78,5.94
Gabon, Wine,,0.88,0.83,0.92,0.91,1.11,1.16
Gabon, Spirits,,1.27,1.35,1.45,1.44,1.69,1.7
Gabon, Other alcoholic beverages,,0.1,0.11,0.12,0.11,0.07,0.06
Gambia, All types,,2.96,2.94,2.89,2.97,2.92,3.06
Gambia, Beer,,0.25,0.25,0.22,0.21,0.17,0.17
Gambia, Wine,,0.06,0.04,0.02,0.02,0.02,0.02
Gambia, Spirits,,0,0,0,0,0.01,0.01
Gambia, Other alcoholic beverages,,2.65,2.65,2.65,2.74,2.72,2.86
Georgia, All types,7.44,7.44,7.23,7.06,7.59,8.68,8.1
Georgia, Beer,1.37,1.37,1.36,1.35,1.26,1.91,1.4
Georgia, Wine,3.2,3.1,2.86,2.72,3.31,3.85,3.81
Georgia, Spirits,2.86,2.97,3.01,2.98,3.02,2.92,2.89
Georgia, Other alcoholic beverages,0.01,0.01,0.01,0.01,0.01,0,0
Germany, All types,10.9,11.99,11.6,11.67,11.76,11.87,11.35
Germany, Beer,5.74,5.66,5.71,5.71,5.83,5.98,5.91
Germany, Wine,3.1,3.84,3.41,3.55,3.47,3.46,3.29
Germany, Spirits,2.07,2.49,2.48,2.41,2.46,2.43,2.15
Germany, Other alcoholic beverages,,0,0,0,0,0,0
Ghana, All types,,1.56,1.56,1.6,1.79,1.86,1.94
Ghana, Beer,,0.44,0.46,0.43,0.44,0.48,0.48
Ghana, Wine,,0.1,0.09,0.15,0.24,0.21,0.17
Ghana, Spirits,,0.13,0.13,0.13,0.1,0.11,0.04
Ghana, Other alcoholic beverages,,0.89,0.89,0.89,1.01,1.06,1.24
Greece, All types,6.52,6.64,6.99,7.52,7.62,8.03,8.99
Greece, Beer,2.05,2.04,2.09,2.12,2.11,2.1,2.24
Greece, Wine,2.96,3.08,3.32,3.81,3.92,4.21,4.78
Greece, Spirits,1.42,1.44,1.5,1.5,1.49,1.62,1.84
Greece, Other alcoholic beverages,0.08,0.08,0.09,0.09,0.09,0.1,0.13
Grenada, All types,8.88,8.67,8.47,8.37,8.28,8.11,8.18
Grenada, Beer,3.63,3.57,3.56,3.58,3.57,3.55,3.55
Grenada, Wine,0.62,0.62,0.6,0.5,0.42,0.37,0.43
Grenada, Spirits,4.29,4.16,4.01,4.05,4.09,3.99,3.99
Grenada, Other alcoholic beverages,0.34,0.33,0.29,0.24,0.2,0.2,0.2
Guatemala, All types,1.62,1.62,1.65,1.81,1.9,2.02,1.99
Guatemala, Beer,0.91,0.9,0.94,0.92,0.93,0.85,0.82
Guatemala, Wine,0.03,0.04,0.04,0.04,0.04,0.03,0.03
Guatemala, Spirits,0.67,0.67,0.67,0.85,0.93,1.13,1.14
Guatemala, Other alcoholic beverages,0,0,0,0,0,0,0
Guinea, All types,,0.34,0.28,0.22,0.22,0.22,0.2
Guinea, Beer,,0.31,0.26,0.2,0.19,0.18,0.15
Guinea, Wine,,0.03,0.03,0.03,0.03,0.02,0.03
Guinea, Spirits,,0,0,0,0,0.01,0.01
Guinea, Other alcoholic beverages,,0,0,0,0,0.01,0.01
Guinea-Bissau, All types,,2.81,2.8,2.69,2.83,2.96,2.83
Guinea-Bissau, Beer,,0.39,0.39,0.39,0.45,0.49,0.43
Guinea-Bissau, Wine,,0.88,0.86,0.76,0.89,0.89,0.69
Guinea-Bissau, Spirits,,0.39,0.39,0.39,0.4,0.51,0.52
Guinea-Bissau, Other alcoholic beverages,,1.16,1.16,1.16,1.09,1.07,1.2
Guyana, All types,5.31,4.75,5.2,5.11,5.13,5.11,5.08
Guyana, Beer,2.57,1.86,1.86,1.84,1.81,1.75,1.71
Guyana, Wine,0.01,0.02,0.02,0.02,0.02,0.03,0.02
Guyana, Spirits,2.7,2.85,3.29,3.21,3.27,3.3,3.32
Guyana, Other alcoholic beverages,0.03,0.03,0.03,0.03,0.03,0.03,0.03
Haiti, All types,,5.81,5.81,5.81,5.81,5.71,5.77
Haiti, Beer,,0.13,0.13,0.13,0.13,0.12,0.11
Haiti, Wine,,0.02,0.02,0.02,0.02,0.01,0.01
Haiti, Spirits,,5.65,5.65,5.65,5.65,5.57,5.65
Haiti, Other alcoholic beverages,,0.01,0.01,0.01,0.01,0.01,0.01
Honduras, All types,2.86,2.84,2.64,2.92,2.92,2.94,2.91
Honduras, Beer,1.33,1.33,1.24,1.24,1.23,1.21,1.16
Honduras, Wine,0.03,0.03,0.03,0.03,0.03,0.03,0.03
Honduras, Spirits,1.49,1.47,1.37,1.65,1.67,1.69,1.71
Honduras, Other alcoholic beverages,0,0,0,0,0,0,0
Hungary, All types,,10.9,10.88,10.7,11.14,11.35,10.75
Hungary, Beer,,3.93,3.9,3.77,4.06,4.04,3.91
Hungary, Wine,,3.41,2.9,3.2,3.2,3.49,3.16
Hungary, Spirits,,3.57,4.08,3.73,3.88,3.82,3.68
Hungary, Other alcoholic beverages,,,,0,0,0,0
Iceland, All types,7.5,7.66,7.01,6.8,6.82,6.84,6.79
Iceland, Beer,4.24,4.26,3.87,3.74,3.78,3.68,3.71
Iceland, Wine,2.09,2.15,2.02,1.96,1.95,1.9,1.87
Iceland, Spirits,1.16,1.25,1.13,1.1,1.1,1.26,1.21
India, All types,3.04,3,3.02,3.05,3.06,2.96,2.74
India, Beer,0.23,0.21,0.2,0.2,0.19,0.18,0.17
India, Wine,0,0,0,0,0,0,0
India, Spirits,2.81,2.79,2.81,2.85,2.87,2.79,2.57
India, Other alcoholic beverages,0,0,0,0,0,0,0
Indonesia, All types,0.29,0.28,0.28,0.28,0.1,0.09,0.09
Indonesia, Beer,0.05,0.05,0.07,0.09,0.08,0.08,0.08
Indonesia, Wine,0.22,0.22,0.19,0.18,0,0,0
Indonesia, Spirits,0.01,0.01,0.01,0.01,0.01,0.01,0.01
Indonesia, Other alcoholic beverages,0,0,0,0,0,0,0
Iran (Islamic Republic of), All types,,0.01,0.01,0.01,0.02,0.03,0.03
Iran (Islamic Republic of), Beer,,0,0,0,0,0,0
Iran (Islamic Republic of), Wine,,0,0,0,0,0,0
Iran (Islamic Republic of), Spirits,,0.01,0.01,0.01,0.02,0.03,0.03
Iran (Islamic Republic of), Other alcoholic beverages,,0,0,0,0,0,0
Iraq, All types,,0.17,0.17,0.17,0.19,0.18,0.19
Iraq, Beer,,0.12,0.12,0.12,0.14,0.12,0.14
Iraq, Wine,,0,0,0,0,0,0
Iraq, Spirits,,0.04,0.04,0.04,0.05,0.05,0.04
Iraq, Other alcoholic beverages,,0,0,0,0,0,0
Ireland, All types,11.46,10.93,11,10.64,11.53,11.65,11.63
Ireland, Beer,5.39,5.14,5.17,5,5.42,5.48,5.47
Ireland, Wine,3.21,3.06,3.08,2.98,3.23,3.26,3.26
Ireland, Spirits,2.15,1.97,1.98,1.92,2.08,2.1,2.09
Ireland, Other alcoholic beverages,0.71,0.77,0.77,0.74,0.81,0.82,0.81
Israel, All types,2.64,2.61,2.71,2.86,2.81,2.66,2.63
Israel, Beer,1.44,1.41,1.39,1.36,1.28,1.21,1.15
Israel, Wine,0.12,0.11,0.23,0.23,0.23,0.18,0.18
Israel, Spirits,1.05,1.05,1.05,1.21,1.25,1.22,1.24
Israel, Other alcoholic beverages,0.04,0.04,0.04,0.05,0.05,0.05,0.06
Italy, All types,7.08,7.14,7.56,7.35,7.48,6.98,6.95
Italy, Beer,1.8,1.78,1.73,1.7,1.7,1.69,1.66
Italy, Wine,4.58,4.61,4.97,4.86,4.99,4.45,4.45
Italy, Spirits,0.69,0.74,0.86,0.79,0.79,0.84,0.84
Italy, Other alcoholic beverages,0,0,0,0,0,0,0
Jamaica, All types,3.44,3.33,3.28,3.27,3.15,3.09,3.06
Jamaica, Beer,1.25,1.16,1.09,1.06,1.03,1.03,1.01
Jamaica, Wine,0.17,0.17,0.16,0.16,0.15,0.13,0.17
Jamaica, Spirits,1.87,1.82,1.86,1.9,1.83,1.8,1.75
Jamaica, Other alcoholic beverages,0.16,0.19,0.17,0.15,0.14,0.13,0.14
Japan, All types,,6.86,6.71,6.95,6.83,6.86,6.88
Japan, Beer,,1.25,1.22,1.28,1.27,1.29,1.32
Japan, Wine,,0.38,0.37,0.36,0.34,0.3,0.28
Japan, Spirits,,2.74,2.64,2.7,2.63,2.64,2.63
Japan, Other alcoholic beverages,,2.49,2.48,2.62,2.59,2.63,2.65
Jordan, All types,0.38,0.37,0.43,0.41,0.43,0.44,0.52
Jordan, Beer,0.07,0.07,0.07,0.05,0.05,0.04,0.1
Jordan, Wine,0.01,0.01,0.01,0.01,0.02,0.02,0.02
Jordan, Spirits,0.29,0.29,0.34,0.34,0.35,0.37,0.39
Jordan, Other alcoholic beverages,0.01,0.01,0.01,0.01,0.01,0.01,0.01
Kazakhstan, All types,5.8,5.92,6.06,6.26,6.48,6.35,6.59
Kazakhstan, Beer,1.77,1.78,1.79,1.92,1.98,1.86,2.04
Kazakhstan, Wine,0.38,0.38,0.37,0.37,0.37,0.35,0.35
Kazakhstan, Spirits,3.65,3.76,3.89,3.97,4.14,4.14,4.21
Kazakhstan, Other alcoholic beverages,0,0,0,0,0,0,0
Kenya, All types,,1.86,1.77,2.06,1.96,1.95,1.84
Kenya, Beer,,0.74,0.64,0.93,0.96,0.93,0.97
Kenya, Wine,,0.03,0.03,0.04,0.03,0.04,0.03
Kenya, Spirits,,0.4,0.4,0.4,0.44,0.45,0.41
Kenya, Other alcoholic beverages,,0.69,0.69,0.69,0.53,0.54,0.43
Kiribati, All types,,0.36,0.36,0.36,0.37,0.55,0.49
Kiribati, Beer,,0.36,0.36,0.36,0.37,0.44,0.46
Kiribati, Wine,,0,0,0,0,0.03,0.04
Kiribati, Spirits,,0,0,0,0,0.08,0
Kiribati, Other alcoholic beverages,,0,0,0,0,0,0
Kuwait, All types,,0.01,0.01,0.01,0.01,0.02,0.01
Kuwait, Beer,,0,0,0,0,0.01,0
Kuwait, Wine,,0,0,0,0,0,0
Kuwait, Spirits,,0.01,0.01,0.01,0.01,0.01,0.01
Kuwait, Other alcoholic beverages,,0,0,0,0,0,0
Kyrgyzstan, All types,3.91,4.7,5.59,5.72,5.83,6.02,6.08
Kyrgyzstan, Beer,0.45,0.59,0.57,0.55,0.55,0.58,0.53
Kyrgyzstan, Wine,0.08,0.09,0.12,0.12,0.12,0.12,0.12
Kyrgyzstan, Spirits,3.37,4.02,4.89,5.05,5.15,5.32,5.43
Kyrgyzstan, Other alcoholic beverages,0,0,0,0,0,0,0
Lao People's Democratic Republic, All types,,6.81,6.63,6.41,6.31,6.29,6.09
Lao People's Democratic Republic, Beer,,3.41,3.23,3.02,2.83,2.63,2.45
Lao People's Democratic Republic, Wine,,0,0,0,0,0,0
Lao People's Democratic Republic, Spirits,,3.39,3.39,3.39,3.48,3.66,3.65
Lao People's Democratic Republic, Other alcoholic beverages,,0,0,0,0,0,0
Latvia, All types,11.19,10.82,10.6,10.43,10.2,10.11,9.83
Latvia, Beer,4.79,4.8,4.8,4.7,4.67,4.86,4.61
Latvia, Wine,1.24,1.24,1.2,1.1,1.16,1.13,1.05
Latvia, Spirits,4.48,4.13,4,3.99,3.77,3.57,3.64
Latvia, Other alcoholic beverages,0.68,0.65,0.6,0.64,0.6,0.55,0.53
Lebanon, All types,1.21,1.18,1.36,1.34,1.42,1.47,1.56
Lebanon, Beer,0.41,0.38,0.37,0.3,0.32,0.35,0.41
Lebanon, Wine,0.19,0.19,0.33,0.33,0.33,0.28,0.28
Lebanon, Spirits,0.6,0.59,0.64,0.69,0.75,0.82,0.85
Lebanon, Other alcoholic beverages,0.02,0.02,0.02,0.02,0.02,0.02,0.02
Lesotho, All types,,2.88,2.66,2.64,2.51,2.45,2.86
Lesotho, Beer,,1.65,1.44,1.41,1.43,1.5,1.49
Lesotho, Wine,,0.09,0.09,0.09,0,0.01,0.01
Lesotho, Spirits,,0.3,0.3,0.3,0.62,0.6,0.61
Lesotho, Other alcoholic beverages,,0.83,0.83,0.83,0.46,0.35,0.76
Liberia, All types,,3.51,3.47,3.72,3.75,3.74,3.63
Liberia, Beer,,0.33,0.31,0.56,0.53,0.49,0.33
Liberia, Wine,,0.06,0.03,0.05,0.03,0.05,0.03
Liberia, Spirits,,3.1,3.1,3.1,3.19,3.18,3.28
Liberia, Other alcoholic beverages,,0.02,0.02,0.02,0,0.02,0
Libya, All types,,,,0,0.01,0,0
Libya, Beer,,,,0,0,0,0
Libya, Wine,,,,0,0,0,0
Libya, Spirits,,,,0,0.01,0,0
Libya, Other alcoholic beverages,,,,0,0,0,0
Lithuania, All types,13.61,14.42,14.82,15.14,15.15,14.88,13.61
Lithuania, Beer,5.93,6.28,6.45,6.71,6.6,6.48,5.93
Lithuania, Wine,0.99,1.03,1.08,1.1,1.1,1.08,0.99
Lithuania, Spirits,5.05,5.35,5.5,5.62,5.62,5.52,5.05
Lithuania, Other alcoholic beverages,1.65,1.76,1.79,1.72,1.83,1.8,1.65
Luxembourg, All types,11.22,11.83,11.69,11.55,11.89,12.01,11.72
Luxembourg, Beer,3.97,3.91,3.99,3.76,3.99,4.04,4.05
Luxembourg, Wine,5,5.47,5.23,5.34,5.4,5.44,5.28
Luxembourg, Spirits,2.25,2.46,2.48,2.46,2.5,2.54,2.4
Luxembourg, Other alcoholic beverages,0,0,0,0,0,0,0
Madagascar, All types,0.89,0.87,0.88,0.87,0.93,0.97,1.03
Madagascar, Beer,0.48,0.46,0.44,0.42,0.45,0.5,0.53
Madagascar, Wine,0.07,0.08,0.1,0.11,0.17,0.17,0.17
Madagascar, Spirits,0.34,0.34,0.34,0.34,0.31,0.3,0.33
Madagascar, Other alcoholic beverages,0,0,0,0,0,0,0
Malawi, All types,,2,1.99,1.99,1.83,1.86,1.67
Malawi, Beer,,0.18,0.16,0.16,0.16,0.16,0.16
Malawi, Wine,,0.02,0.02,0.02,0.02,0.02,0.02
Malawi, Spirits,,0.23,0.23,0.23,0.28,0.16,0.17
Malawi, Other alcoholic beverages,,1.58,1.58,1.58,1.38,1.52,1.33
Malaysia, All types,0.63,0.64,0.58,0.59,0.53,0.51,0.49
Malaysia, Beer,0.38,0.39,0.39,0.4,0.4,0.39,0.38
Malaysia, Wine,0.13,0.13,0.07,0.07,0,0,0
Malaysia, Spirits,0.11,0.11,0.11,0.12,0.12,0.11,0.1
Malaysia, Other alcoholic beverages,0.01,0.01,0.01,0.01,0.01,0.01,0.01
Maldives, All types,,1.32,1.32,1.33,1.31,1.89,1.72
Maldives, Beer,,0.41,0.41,0.41,0.42,0.5,0.5
Maldives, Wine,,0.49,0.49,0.5,0.48,0.53,0.45
Maldives, Spirits,,0.42,0.42,0.42,0.42,0.86,0.78
Maldives, Other alcoholic beverages,,0,0,0,0,0,0
Mali, All types,,0.58,0.58,0.58,0.61,0.6,0.58
Mali, Beer,,0.09,0.09,0.09,0.08,0.08,0.07
Mali, Wine,,0.01,0.01,0.01,0.01,0.01,0.01
Mali, Spirits,,0,0,0,0,0.02,0.02
Mali, Other alcoholic beverages,,0.48,0.48,0.48,0.52,0.5,0.48
Malta, All types,8.02,7.75,7.88,7.97,7.92,7.12,7.52
Malta, Beer,2.94,2.96,2.88,2.9,3.07,2.58,2.89
Malta, Wine,2.37,2.21,2.49,2.5,2.51,2.35,2.58
Malta, Spirits,2.27,2.16,2.11,2.18,1.98,1.85,1.72
Malta, Other alcoholic beverages,0.44,0.42,0.4,0.4,0.36,0.33,0.33
Mauritania, All types,,0,0,0,0,0.01,0
Mauritania, Beer,,0,0,0,0,0,0
Mauritania, Wine,,0,0,0,0,0,0
Mauritania, Spirits,,0,0,0,0,0,0
Mauritania, Other alcoholic beverages,,0,0,0,0,0,0
Mauritius, All types,,2.58,2.8,2.95,2.94,3.02,2.95
Mauritius, Beer,,1.39,1.67,1.84,1.84,1.84,1.8
Mauritius, Wine,,0.4,0.33,0.32,0.3,0.31,0.35
Mauritius, Spirits,,0.79,0.79,0.79,0.8,0.87,0.78
Mauritius, Other alcoholic beverages,,0,0,0,0,0,0.01
Mexico, All types,5.53,5.28,5.19,5.16,5.31,5.32,5.15
Mexico, Beer,4.26,4.01,3.83,3.81,3.96,3.96,3.89
Mexico, Wine,0.11,0.11,0.23,0.22,0.2,0.2,0.12
Mexico, Spirits,1.13,1.14,1.11,1.1,1.12,1.12,1.11
Mexico, Other alcoholic beverages,0.03,0.03,0.03,0.03,0.03,0.03,0.03
Micronesia (Federated States of), All types,,1.59,1.59,1.67,2.98,1.91,1.78
Micronesia (Federated States of), Beer,,0.92,0.92,0.89,1.03,0.9,0.86
Micronesia (Federated States of), Wine,,0.13,0.13,0.27,1.38,0.47,0.31
Micronesia (Federated States of), Spirits,,0.52,0.52,0.5,0.56,0.51,0.6
Micronesia (Federated States of), Other alcoholic beverages,,0.01,0.01,0.01,0.01,0.02,0.01
Mongolia, All types,,5.66,5.74,5.64,5.51,5.38,5.06
Mongolia, Beer,,2.47,2.53,2.42,2.25,2.04,1.44
Mongolia, Wine,,0.1,0.12,0.13,0.12,0.15,0.15
Mongolia, Spirits,,3.09,3.09,3.09,3.14,3.19,3.33
Mongolia, Other alcoholic beverages,,0,0,0,0,0,0
Montenegro, All types,,6.41,6.53,6.47,6.49,6.38,7.26
Montenegro, Beer,,0.69,0.69,0.69,0.8,0.72,0.73
Montenegro, Wine,,2.76,3,3.01,3.02,3.05,3.99
Montenegro, Spirits,,2.83,2.71,2.63,2.54,2.47,2.37
Montenegro, Other alcoholic beverages,,0.13,0.13,0.13,0.13,0.15,0.16
Morocco, All types,,0.38,0.5,0.53,0.54,0.54,0.55
Morocco, Beer,,0.16,0.15,0.18,0.18,0.18,0.2
Morocco, Wine,,0.16,0.28,0.28,0.28,0.27,0.27
Morocco, Spirits,,0.07,0.06,0.07,0.08,0.09,0.09
Morocco, Other alcoholic beverages,,0,0,0,0,0,0
Mozambique, All types,1.29,1.23,1.1,1,0.99,0.93,0.85
Mozambique, Beer,1.01,0.96,0.81,0.74,0.72,0.68,0.61
Mozambique, Wine,0.11,0.11,0.12,0.1,0.11,0.12,0.1
Mozambique, Spirits,0.16,0.15,0.17,0.16,0.15,0.13,0.13
Mozambique, Other alcoholic beverages,0.01,0.01,0.01,0,0,0,0
Myanmar, All types,,1.6,1.78,1.67,1.36,1.09,0.97
Myanmar, Beer,,0.36,0.59,0.46,0.36,0.17,0.15
Myanmar, Wine,,0.16,0.15,0.18,0,0,0
Myanmar, Spirits,,1.08,1.04,1.03,1,0.92,0.82
Myanmar, Other alcoholic beverages,,0,0,0,0,0,0
Namibia, All types,,7.83,7.83,7.83,6.34,7.71,7.44
Namibia, Beer,,4.71,4.71,4.71,4.67,7.3,7.16
Namibia, Wine,,0.81,0.81,0.81,0.59,0.06,0.06
Namibia, Spirits,,1.08,1.08,1.08,0.84,0.21,0.07
Namibia, Other alcoholic beverages,,1.22,1.22,1.22,0.24,0.14,0.15
Nauru, All types,,,,2.54,3.64,4.44,4.66
Nauru, Beer,,,,0.56,0.5,1.82,1.83
Nauru, Wine,,,,0.09,0.23,0.06,0.25
Nauru, Spirits,,,,1.88,2.91,2.56,2.58
Nauru, Other alcoholic beverages,,,,,0,0,0
Nauru, All types,,,,2.54,3.64,4.44,4.66
Nauru, Beer,,,,0.56,0.5,1.82,1.83
Nauru, Wine,,,,0.09,0.23,0.06,0.25
Nauru, Spirits,,,,1.88,2.91,2.56,2.58
Nauru, Other alcoholic beverages,,,,,0,0,0
Nepal, All types,,0.58,0.69,0.6,0.26,0.25,0.23
Nepal, Beer,,0.18,0.17,0.15,0.13,0.12,0.1
Nepal, Wine,,0.29,0.4,0.34,0,0,0
Nepal, Spirits,,0.12,0.12,0.12,0.12,0.12,0.12
Nepal, Other alcoholic beverages,,0,0,0,0,0,0
Netherlands, All types,,8.03,8.16,8.54,9.28,9.17,9.32
Netherlands, Beer,,3.83,3.84,4.21,4.34,4.35,4.36
Netherlands, Wine,,2.88,3,3.01,3.37,3.38,3.39
Netherlands, Spirits,,1.32,1.32,1.32,1.57,1.45,1.57
Netherlands, Other alcoholic beverages,,0,0,0,0,0,0
New Zealand, All types,9.24,8.87,9.15,9.25,9.24,9.48,9.63
New Zealand, Beer,3.46,3.35,3.39,3.49,3.41,3.66,3.68
New Zealand, Wine,3.08,2.97,3.19,3.05,3.03,3.02,3.23
New Zealand, Spirits,2.67,2.53,2.55,2.69,2.78,2.77,2.69
New Zealand, Other alcoholic beverages,0.03,0.03,0.02,0.02,0.03,0.03,0.04
Nicaragua, All types,3.86,3.73,3.54,3.56,3.61,3.36,3.34
Nicaragua, Beer,1.53,1.45,1.38,1.35,1.32,1.32,1.32
Nicaragua, Wine,0.03,0.03,0.02,0.02,0.02,0.02,0.02
Nicaragua, Spirits,2.3,2.25,2.13,2.19,2.26,2.02,2.01
Nicaragua, Other alcoholic beverages,0,0,0,0,0,0,0
Niger, All types,,0.11,0.11,0.1,0.16,0.13,0.11
Niger, Beer,,0.05,0.05,0.04,0.05,0.05,0.05
Niger, Wine,,0.01,0.01,0.01,0.02,0.01,0.01
Niger, Spirits,,0.04,0.04,0.04,0.09,0.07,0.05
Niger, Other alcoholic beverages,,0,0,0,0,0,0
Nigeria, All types,,9.62,9.64,9.63,9.9,10.13,10.31
Nigeria, Beer,,0.76,0.76,0.76,0.75,0.75,0.7
Nigeria, Wine,,0.04,0.05,0.05,0.05,0.04,0.03
Nigeria, Spirits,,0.06,0.06,0.06,0.06,0.06,0.08
Nigeria, Other alcoholic beverages,,8.76,8.76,8.76,9.04,9.28,9.5
Niue, All types,,,,10.57,11.29,5.99,4.9
Niue, Beer,,,,5.95,2.91,3.13,1.9
Niue, Wine,,,,1.39,1.21,0.74,0.6
Niue, Spirits,,,,3.23,7.17,2.12,2.4
Niue, Other alcoholic beverages,,,,0,0,0,0
Norway, All types,6.03,5.97,6.06,6.22,6.21,6.44,6.59
Norway, Beer,2.65,2.57,2.62,2.68,2.67,2.83,2.91
Norway, Wine,2.21,2.22,2.25,2.3,2.29,2.3,2.29
Norway, Spirits,1.01,1.03,1.04,1.09,1.11,1.18,1.25
Norway, Other alcoholic beverages,0.16,0.15,0.15,0.14,0.14,0.13,0.14
Oman, All types,0.39,0.39,0.39,0.42,0.48,0.51,0.53
Oman, Beer,0.16,0.16,0.16,0.17,0.18,0.2,0.21
Oman, Wine,0.01,0.02,0.02,0.01,0.03,0.02,0.03
Oman, Spirits,0.22,0.22,0.22,0.24,0.27,0.28,0.29
Oman, Other alcoholic beverages,0,0,0,0,0,0,0
Pakistan, All types,0.04,0.04,0.04,0.03,0.03,0.04,0.04
Pakistan, Beer,0,0,0,0,0,0,0
Pakistan, Wine,0,0,0,0,0,0,0
Pakistan, Spirits,0.04,0.04,0.03,0.03,0.03,0.03,0.03
Pakistan, Other alcoholic beverages,0,0,0,0,0,0,0
Panama, All types,6.69,6.92,7.29,7.35,7.11,7.05,6.9
Panama, Beer,5.14,5.37,5.74,5.52,5.14,5.05,4.86
Panama, Wine,0.23,0.24,0.24,0.25,0.24,0.24,0.22
Panama, Spirits,1.3,1.3,1.29,1.56,1.71,1.75,1.8
Panama, Other alcoholic beverages,0.02,0.02,0.02,0.02,0.02,0.02,0.02
Papua New Guinea, All types,,0.71,0.76,0.83,0.87,0.88,0.79
Papua New Guinea, Beer,,0.68,0.73,0.8,0.83,0.85,0.76
Papua New Guinea, Wine,,0.02,0.02,0.02,0.03,0.02,0.01
Papua New Guinea, Spirits,,0.02,0.02,0.02,0.02,0.01,0.02
Papua New Guinea, Other alcoholic beverages,,0,0,0,0,0,0
Paraguay, All types,5.8,5.63,6.07,6.14,6.17,6.6,6.81
Paraguay, Beer,3.15,3.13,3.17,3.2,3.21,3.32,3.28
Paraguay, Wine,1.01,0.81,1.13,1.14,1.14,1.4,1.66
Paraguay, Spirits,1.58,1.63,1.7,1.74,1.76,1.83,1.83
Paraguay, Other alcoholic beverages,0.06,0.06,0.07,0.06,0.06,0.06,0.05
Peru, All types,,5.1,5.14,5.06,5.38,5.26,5.28
Peru, Beer,,3.06,3.09,3.07,3.19,3.09,3.13
Peru, Wine,,0.41,0.42,0.36,0.57,0.54,0.49
Peru, Spirits,,1.62,1.62,1.62,1.61,1.62,1.65
Peru, Other alcoholic beverages,,0,0.01,0.01,0.01,0.01,0.01
Philippines, All types,4.55,4.41,4.55,4.53,4.95,4.9,4.78
Philippines, Beer,1.24,1.12,1.11,1.1,1.26,1.29,1.29
Philippines, Wine,0.02,0.02,0.02,0.02,0.04,0.04,0.04
Philippines, Spirits,3.28,3.26,3.39,3.39,3.63,3.45,3.3
Philippines, Other alcoholic beverages,0.01,0,0.02,0.02,0.03,0.13,0.15
Poland, All types,10.43,10.48,10.45,10.79,10.19,10.21,10.04
Poland, Beer,5.85,5.83,5.8,5.74,5.83,5.54,5.3
Poland, Wine,0.82,0.89,0.89,0.82,0.83,0.9,0.97
Poland, Spirits,3.76,3.76,3.76,4.23,3.53,3.76,3.76
Poland, Other alcoholic beverages,0,0,0,0,0,0,0
Portugal, All types,10.66,10.54,10.35,10.54,10.86,11.91,12.23
Portugal, Beer,2.79,2.69,2.71,2.81,2.82,3.12,3.36
Portugal, Wine,6.55,6.54,6.38,6.5,6.76,7.43,7.47
Portugal, Spirits,0.82,0.82,0.82,0.82,0.86,0.92,0.93
Portugal, Other alcoholic beverages,0.5,0.48,0.44,0.41,0.42,0.45,0.47
Puerto Rico, All types,,,4.96,4.87,4.8,4.63,4.66
Puerto Rico, Beer,,,3.35,3.22,3.1,3.12,3.16
Puerto Rico, Wine,,,0.4,0.34,0.33,0.32,0.32
Puerto Rico, Spirits,,,1.16,1.25,1.3,1.12,1.11
Puerto Rico, Other alcoholic beverages,,,0.06,0.06,0.06,0.07,0.07
Qatar, All types,1.31,1.26,1.2,1.24,1.16,1.17,1.14
Qatar, Beer,0.34,0.33,0.33,0.33,0.34,0.32,0.33
Qatar, Wine,0.13,0.13,0.13,0.17,0.12,0.13,0.11
Qatar, Spirits,0.83,0.79,0.73,0.74,0.7,0.71,0.7
Qatar, Other alcoholic beverages,0.01,0.01,0.01,0.01,0,0,0.01
Republic of Korea, All types,,9.06,8.95,8.77,8.98,8.86,8.9
Republic of Korea, Beer,,2.01,2.01,2.1,1.98,1.93,1.89
Republic of Korea, Wine,,0.17,0.15,0.15,0.13,0.13,0.14
Republic of Korea, Spirits,,0.64,0.39,0.38,0.37,0.38,0.4
Republic of Korea, Other alcoholic beverages,,6.24,6.39,6.14,6.5,6.42,6.48
Republic of Moldova, All types,9.3,9.39,9.14,9.62,9.85,8.67,7.55
Republic of Moldova, Beer,1.5,1.52,1.62,1.78,1.95,1.83,1.65
Republic of Moldova, Wine,5.26,5.25,4.84,4.85,4.86,3.58,2.59
Republic of Moldova, Spirits,2.35,2.43,2.47,2.77,2.82,3.04,3.09
Republic of Moldova, Other alcoholic beverages,0.19,0.19,0.21,0.22,0.21,0.21,0.22
Romania, All types,,10.4,10.46,10.59,10.55,10.4,10.79
Romania, Beer,,5.78,4.9,5.1,5,4.7,4.5
Romania, Wine,,2.92,3.2,3.1,2.8,2.8,2.6
Romania, Spirits,,1.7,1.4,1.4,1.1,1.4,1.9
Romania, Other alcoholic beverages,,0,0,0,0,0,0
Russian Federation, All types,8.42,8.41,8.85,9.92,10.89,10.95,10.98
Russian Federation, Beer,3.29,3.49,3.64,3.96,4.17,4.13,4.09
Russian Federation, Wine,1.08,0.87,0.89,0.84,0.93,0.96,1.02
Russian Federation, Spirits,3.25,3.36,3.6,4.36,4.95,5.04,5.06
Russian Federation, Other alcoholic beverages,0.8,0.69,0.72,0.76,0.84,0.82,0.81
Rwanda, All types,,6.91,6.83,6.9,7.13,7.3,7.7
Rwanda, Beer,,1.02,0.95,1.02,0.98,0.88,0.81
Rwanda, Wine,,0.01,0.01,0.01,0,0,0
Rwanda, Spirits,,0.19,0.19,0.19,0.13,0.09,0.04
Rwanda, Other alcoholic beverages,,5.68,5.68,5.68,6.02,6.33,6.85
Saint Kitts and Nevis, All types,8.86,8.8,8.58,8.51,8.46,8.27,8.38
Saint Kitts and Nevis, Beer,4.23,4.15,4.01,3.96,3.91,3.78,3.79
Saint Kitts and Nevis, Wine,0.58,0.58,0.37,0.36,0.35,0.31,0.55
Saint Kitts and Nevis, Spirits,3.84,3.88,4,4.02,4.04,3.99,3.84
Saint Kitts and Nevis, Other alcoholic beverages,0.21,0.19,0.2,0.17,0.16,0.2,0.19
Saint Lucia, All types,9.69,9.66,9.5,9.26,9.63,10.26,10.68
Saint Lucia, Beer,3.43,3.36,3.27,3.28,3.28,3.27,3.28
Saint Lucia, Wine,1.28,1.28,1.29,1.18,1.17,1.3,1.45
Saint Lucia, Spirits,4.85,4.87,4.78,4.67,5.04,5.33,5.55
Saint Lucia, Other alcoholic beverages,0.13,0.14,0.15,0.13,0.14,0.36,0.4
Saint Vincent and the Grenadines, All types,7.44,7.25,6.99,6.89,6.93,7.02,6.99
Saint Vincent and the Grenadines, Beer,2.72,2.6,2.49,2.41,2.34,2.35,2.32
Saint Vincent and the Grenadines, Wine,0.27,0.27,0.22,0.17,0.33,0.3,0.33
Saint Vincent and the Grenadines, Spirits,4.26,4.21,4.12,4.16,4.15,4.26,4.22
Saint Vincent and the Grenadines, Other alcoholic beverages,0.19,0.17,0.16,0.15,0.12,0.1,0.12
Samoa, All types,,1.97,2.01,1.9,2.19,2.16,3.01
Samoa, Beer,,1.86,1.88,1.81,2.09,1.94,2.57
Samoa, Wine,,0.12,0.13,0.09,0.1,0.09,0.09
Samoa, Spirits,,0,0,0,0,0.12,0.35
Samoa, Other alcoholic beverages,,0,0,0,0,0,0
Sao Tome and Principe, All types,,4.85,5.39,4.78,4.83,5.9,5.8
Sao Tome and Principe, Beer,,0.96,0.96,0.96,0.49,0.72,0.85
Sao Tome and Principe, Wine,,3.89,4.43,3.82,4.34,4.64,4.39
Sao Tome and Principe, Spirits,,0,0,0,0,0.54,0.56
Sao Tome and Principe, Other alcoholic beverages,,0,0,0,0,0,0
Saudi Arabia, All types,,0.08,0.08,0.08,0.08,0.09,0.08
Saudi Arabia, Beer,,0,0,0,0,0,0
Saudi Arabia, Wine,,0,0,0,0,0,0
Saudi Arabia, Spirits,,0.08,0.08,0.08,0.08,0.09,0.08
Saudi Arabia, Other alcoholic beverages,,0,0,0,0,0,0
Senegal, All types,,0.25,0.25,0.25,0.28,0.31,0.28
Senegal, Beer,,0.14,0.14,0.14,0.14,0.15,0.14
Senegal, Wine,,0.08,0.08,0.08,0.11,0.13,0.12
Senegal, Spirits,,0.02,0.02,0.03,0.03,0.03,0.03
Senegal, Other alcoholic beverages,,0,0,0,0,0,0
Serbia, All types,9.17,9.13,8.77,9.06,9.05,8.96,9.09
Serbia, Beer,2.94,2.95,2.61,2.9,3.15,2.93,2.85
Serbia, Wine,3.89,3.89,3.88,3.9,3.61,3.75,3.95
Serbia, Spirits,2.32,2.28,2.26,2.24,2.27,2.27,2.27
Serbia, Other alcoholic beverages,0.01,0.01,0.01,0.01,0.01,0.01,0.01
Seychelles, All types,,11.5,9.77,9.36,8.16,8.58,5.92
Seychelles, Beer,,7.92,6.73,6.48,5.49,4.83,2.71
Seychelles, Wine,,2.57,2.15,2.09,1.89,2.98,2.56
Seychelles, Spirits,,0.72,0.71,0.7,0.72,0.65,0.59
Seychelles, Other alcoholic beverages,,0.28,0.18,0.09,0.06,0.12,0.06
Sierra Leone, All types,,3.42,3.4,3.53,3.6,3.84,3.91
Sierra Leone, Beer,,0.14,0.13,0.24,0.2,0.19,0.18
Sierra Leone, Wine,,0.04,0.03,0.04,0.03,0.03,0.02
Sierra Leone, Spirits,,0,0,0,0,0.02,0.02
Sierra Leone, Other alcoholic beverages,,3.25,3.25,3.25,3.36,3.59,3.68
Singapore, All types,1.81,1.8,1.83,1.84,1.93,1.89,1.84
Singapore, Beer,1.27,1.25,1.28,1.23,1.34,1.31,1.29
Singapore, Wine,0.26,0.27,0.27,0.28,0.27,0.27,0.25
Singapore, Spirits,0.24,0.25,0.24,0.29,0.29,0.28,0.27
Singapore, Other alcoholic beverages,0.04,0.03,0.03,0.03,0.03,0.03,0.03
Slovakia, All types,10.14,10.78,10.89,10.54,10.66,10.78,10.55
Slovakia, Beer,3.42,3.44,3.32,3.43,3.67,3.55,3.44
Slovakia, Wine,2.12,2.61,2.84,2.37,2.13,2.25,2.13
Slovakia, Spirits,4.24,4.27,4.14,4.14,4.38,4.5,4.62
Slovakia, Other alcoholic beverages,0.35,0.47,0.59,0.59,0.47,0.47,0.36
Slovenia, All types,10.51,11.49,10.92,9.53,10.95,10.61,10.31
Slovenia, Beer,4.35,5.73,5.37,4.55,4.58,4.94,4.59
Slovenia, Wine,5.32,4.9,4.73,4.09,5.5,4.81,4.85
Slovenia, Spirits,0.84,0.86,0.82,0.89,0.87,0.86,0.89
Slovenia, Other alcoholic beverages,0,0,0,0,0,0,0
Solomon Islands, All types,,0.98,0.95,0.98,1,1.05,1.09
Solomon Islands, Beer,,0.94,0.91,0.94,0.96,0.99,0.99
Solomon Islands, Wine,,0.03,0.03,0.04,0.04,0.03,0.03
Solomon Islands, Spirits,,0,0,0,0,0.03,0.07
Solomon Islands, Other alcoholic beverages,,0,0,0,0,0,0
Somalia, All types,,0,0,0,0,0,0
Somalia, Beer,,0,0,0,0,0,0
Somalia, Wine,,0,0,0,0,0,0
Somalia, Spirits,,0,0,0,0,0,0
Somalia, Other alcoholic beverages,,0,0,0,0,0,0
South Africa, All types,7.12,7.12,7.17,7.19,7.26,7.28,7.28
South Africa, Beer,3.99,3.94,4,4.07,4.15,4.21,4.19
South Africa, Wine,1.32,1.3,1.24,1.19,1.21,1.22,1.22
South Africa, Spirits,1.27,1.31,1.31,1.31,1.31,1.29,1.33
South Africa, Other alcoholic beverages,0.54,0.56,0.62,0.62,0.59,0.55,0.54
Spain, All types,8.58,8.26,8.7,8.77,8.83,9.01,9.78
Spain, Beer,4.64,4.51,4.35,4.42,4.41,4.4,4.87
Spain, Wine,1.55,1.55,2.16,2.15,2.21,2.2,2.15
Spain, Spirits,2.39,2.21,2.19,2.2,2.2,2.42,2.76
Spain, Other alcoholic beverages,0,0,0,0,0,0,0
Sri Lanka, All types,,2.72,2.45,2.65,2.89,3.03,2.31
Sri Lanka, Beer,,0.36,0.37,0.4,0.4,0.28,0.3
Sri Lanka, Wine,,0.01,0.01,0,0,0,0
Sri Lanka, Spirits,,2.31,2.03,2.18,2.43,2.7,1.97
Sri Lanka, Other alcoholic beverages,,0.04,0.05,0.06,0.06,0.05,0.04
Sudan, All types,,,,0.06,0,,
Sudan, Beer,,,,0.04,0,,
Sudan, Wine,,,,0,0,,
Sudan, Spirits,,,,0.02,0,,
Sudan, Other alcoholic beverages,,,,0,0,,
Suriname, All types,4.22,4.69,5.41,5.95,5.75,5.66,5.27
Suriname, Beer,1.9,2.05,2.15,2.11,2.07,2.04,2.03
Suriname, Wine,0.15,0.15,0.17,0.19,0.11,0.16,0.13
Suriname, Spirits,2.06,2.36,2.94,3.41,3.34,3.25,2.94
Suriname, Other alcoholic beverages,0.12,0.14,0.16,0.23,0.23,0.21,0.18
Sweden, All types,7.18,7.16,7.2,7.32,7.23,7.34,7.31
Sweden, Beer,2.61,2.62,2.64,2.65,2.63,2.7,2.67
Sweden, Wine,3.43,3.42,3.46,3.5,3.43,3.47,3.4
Sweden, Spirits,1.01,1.01,0.99,1.06,1.05,1.05,1.11
Sweden, Other alcoholic beverages,0.12,0.11,0.11,0.11,0.12,0.12,0.13
Switzerland, All types,9.43,9.62,9.62,9.74,9.87,9.99,10.01
Switzerland, Beer,3.03,3.17,3.17,3.17,3.17,3.17,3.18
Switzerland, Wine,4.54,4.58,4.58,4.69,4.7,4.82,4.94
Switzerland, Spirits,1.75,1.76,1.76,1.76,1.88,1.88,1.77
Switzerland, Other alcoholic beverages,0.12,0.12,0.12,0.12,0.12,0.12,0.12
Syrian Arab Republic, All types,,0.23,0.2,0.15,0.21,0.6,0.76
Syrian Arab Republic, Beer,,0.03,0.02,0.01,0.02,0.08,0.1
Syrian Arab Republic, Wine,,0,0,0,0,0.01,0.01
Syrian Arab Republic, Spirits,,0.2,0.18,0.13,0.19,0.51,0.65
Syrian Arab Republic, Other alcoholic beverages,,0,0,0,0,0,0
Tajikistan, All types,0.91,0.9,0.87,0.79,0.76,0.7,0.67
Tajikistan, Beer,0.35,0.36,0.4,0.39,0.36,0.36,0.29
Tajikistan, Wine,0.01,0.01,0.02,0.02,0.02,0.02,0.02
Tajikistan, Spirits,0.56,0.53,0.45,0.38,0.38,0.32,0.37
Tajikistan, Other alcoholic beverages,0,0,0,0,0,0,0
Thailand, All types,,6.57,6.9,6.79,7.09,7.14,6.7
Thailand, Beer,,1.86,2.1,2.22,2.11,1.94,1.86
Thailand, Wine,,0.18,0.18,0.17,0.15,0.12,0.09
Thailand, Spirits,,4.53,4.62,4.4,4.83,5.08,4.75
Thailand, Other alcoholic beverages,,0,0,0,0,0,0
Republic of North Macedonia, All types,4.83,4.68,3.75,3.81,3.74,3.74,3.76
Republic of North Macedonia, Beer,1.7,1.67,1.66,1.72,1.67,1.61,1.6
Republic of North Macedonia, Wine,2.25,2.15,1.23,1.23,1.24,1.26,1.26
Republic of North Macedonia, Spirits,0.84,0.84,0.83,0.83,0.81,0.85,0.87
Republic of North Macedonia, Other alcoholic beverages,0.03,0.03,0.03,0.03,0.02,0.02,0.02
Timor-Leste, All types,,0.56,0.56,0.56,0.57,0.46,0.09
Timor-Leste, Beer,,0.38,0.38,0.38,0.39,0.33,0.02
Timor-Leste, Wine,,0.18,0.18,0.18,0.19,0.08,0.05
Timor-Leste, Spirits,,0,0,0,0,0.05,0.02
Timor-Leste, Other alcoholic beverages,,0,0,0,0,0,0
Togo, All types,,1.66,1.66,1.63,1.38,1.53,1.3
Togo, Beer,,0.61,0.61,0.58,0.52,0.49,0.63
Togo, Wine,,0.26,0.27,0.27,0.36,0.34,0.29
Togo, Spirits,,0.3,0.3,0.3,0.31,0.35,0.02
Togo, Other alcoholic beverages,,0.48,0.48,0.48,0.18,0.36,0.37
Tonga, All types,,,,0.37,0.54,0.96,1.24
Tonga, Beer,,,,0.22,0.35,0.53,0.92
Tonga, Wine,,,,0.04,0.12,0.1,0.09
Tonga, Spirits,,,,0.1,0.07,0.32,0.23
Tonga, Other alcoholic beverages,,,,0,0,0,0
Trinidad and Tobago, All types,7.52,6.87,6.88,6.68,6.68,6.5,6.5
Trinidad and Tobago, Beer,4.35,3.73,3.68,3.6,3.58,3.51,3.53
Trinidad and Tobago, Wine,0.25,0.25,0.29,0.2,0.15,0.13,0.13
Trinidad and Tobago, Spirits,2.79,2.77,2.79,2.78,2.84,2.76,2.75
Trinidad and Tobago, Other alcoholic beverages,0.12,0.13,0.13,0.11,0.11,0.1,0.1
Tunisia, All types,1.4,1.42,1.49,1.4,1.39,1.28,1.27
Tunisia, Beer,1.01,1.04,0.95,0.85,0.85,0.85,0.87
Tunisia, Wine,0.34,0.33,0.48,0.48,0.48,0.38,0.35
Tunisia, Spirits,0.05,0.05,0.05,0.06,0.06,0.06,0.06
Tunisia, Other alcoholic beverages,0,0,0,0,0,0,0.01
Turkey, All types,1.29,1.4,1.44,1.4,1.53,1.51,1.49
Turkey, Beer,0.74,0.8,0.83,0.78,0.9,0.84,0.86
Turkey, Wine,0.11,0.13,0.13,0.13,0.12,0.12,0.13
Turkey, Spirits,0.44,0.47,0.48,0.49,0.51,0.55,0.5
Turkey, Other alcoholic beverages,0,0,0,0,0,0,0
Turkmenistan, All types,3.43,3.39,3.85,3.88,3.7,3.56,3.55
Turkmenistan, Beer,0.92,0.87,0.81,0.83,0.64,0.44,0.35
Turkmenistan, Wine,1.21,1.22,1.76,1.76,1.76,1.8,1.88
Turkmenistan, Spirits,1.31,1.3,1.28,1.29,1.3,1.31,1.32
Turkmenistan, Other alcoholic beverages,0,0,0,0,0,0,0
Tuvalu, All types,,,,1.63,1.91,1.34,1.02
Tuvalu, Beer,,,,0.01,0,0.13,0.11
Tuvalu, Wine,,,,1.38,1.79,1.15,0.55
Tuvalu, Spirits,,,,0.23,0.12,0.06,0.36
Tuvalu, Other alcoholic beverages,,,,0,0,0,0
Uganda, All types,,7.63,7.67,7.58,8.3,11.59,11.3
Uganda, Beer,,0.84,0.89,0.79,0.93,0.74,0.69
Uganda, Wine,,0.01,0.01,0.01,0.01,0.01,0.01
Uganda, Spirits,,0.23,0.23,0.23,0.29,0.22,0.16
Uganda, Other alcoholic beverages,,6.54,6.54,6.54,7.07,10.63,10.44
Ukraine, All types,5.82,5.75,6.22,7.11,8.18,8.77,8.81
Ukraine, Beer,2.46,2.46,2.94,3.21,3.27,3.31,3.36
Ukraine, Wine,0.31,0.32,0.32,0.38,0.48,0.58,0.6
Ukraine, Spirits,3,2.56,2.56,3.04,3.88,4.28,4.24
Ukraine, Other alcoholic beverages,0.04,0.4,0.4,0.48,0.55,0.61,0.61
United Arab Emirates, All types,2.1,2.03,1.94,1.86,1.79,1.76,1.7
United Arab Emirates, Beer,0.21,0.21,0.2,0.19,0.19,0.18,0.19
United Arab Emirates, Wine,0.16,0.14,0.14,0.12,0.12,0.11,0.11
United Arab Emirates, Spirits,1.72,1.68,1.6,1.54,1.48,1.46,1.4
United Arab Emirates, Other alcoholic beverages,0.01,0.01,0.01,0.01,0.01,0.01,0.01
United Kingdom of Great Britain and Northern Ireland, All types,9.81,9.82,9.69,9.65,9.76,10.02,10.22
United Kingdom of Great Britain and Northern Ireland, Beer,3.44,3.49,3.48,3.38,3.46,3.65,3.76
United Kingdom of Great Britain and Northern Ireland, Wine,3.5,3.48,3.38,3.36,3.3,3.3,3.3
United Kingdom of Great Britain and Northern Ireland, Spirits,2.21,2.13,2.07,2.09,2.16,2.17,2.25
United Kingdom of Great Britain and Northern Ireland, Other alcoholic beverages,0.66,0.73,0.76,0.83,0.84,0.9,0.91
United Republic of Tanzania, All types,,6.16,6.16,6.2,5.84,6.62,6.65
United Republic of Tanzania, Beer,,0.75,0.76,0.8,0.76,0.69,0.66
United Republic of Tanzania, Wine,,0.02,0.02,0.02,0.02,0.01,0.01
United Republic of Tanzania, Spirits,,0.1,0.1,0.1,0.21,0.1,0.24
United Republic of Tanzania, Other alcoholic beverages,,5.28,5.28,5.28,4.84,5.81,5.74
United States of America, All types,,8.78,8.77,8.81,8.86,8.66,8.56
United States of America, Beer,,4.13,4.15,4.23,4.29,4.22,4.3
United States of America, Wine,,1.59,1.61,1.59,1.6,1.55,1.45
United States of America, Spirits,,3.07,3.01,2.99,2.96,2.89,2.81
United States of America, Other alcoholic beverages,,,0,0,0,0,0
Uruguay, All types,,9.03,9.06,8.7,8.47,8.75,8.52
Uruguay, Beer,,3.18,3.19,3.2,3.34,3.22,2.97
Uruguay, Wine,,3.94,3.83,3.97,3.72,4.12,4.13
Uruguay, Spirits,,1.91,2.04,1.53,1.41,1.42,1.42
Uruguay, Other alcoholic beverages,,0,0,0,0,0,0
Uzbekistan, All types,1.6,1.61,1.51,1.56,1.52,1.77,1.79
Uzbekistan, Beer,0.55,0.55,0.45,0.5,0.56,0.8,0.84
Uzbekistan, Wine,0.14,0.14,0.13,0.13,0.13,0.13,0.12
Uzbekistan, Spirits,0.91,0.91,0.92,0.92,0.83,0.84,0.83
Uzbekistan, Other alcoholic beverages,0,0,0,0,0,0,0
Vanuatu, All types,,0.85,0.86,0.98,1.04,0.85,0.91
Vanuatu, Beer,,0.33,0.34,0.47,0.49,0.37,0.34
Vanuatu, Wine,,0.22,0.22,0.2,0.24,0.17,0.19
Vanuatu, Spirits,,0.31,0.31,0.31,0.31,0.31,0.38
Vanuatu, Other alcoholic beverages,,0,0,0,0,0.01,0
Venezuela (Bolivarian Republic of), All types,3.87,5.98,6.41,6.66,6.65,6.7,7.18
Venezuela (Bolivarian Republic of), Beer,2.68,4.7,4.94,4.93,4.86,5.02,5.45
Venezuela (Bolivarian Republic of), Wine,0.01,0.01,0.05,0.04,0.1,0.09,0.06
Venezuela (Bolivarian Republic of), Spirits,1.13,1.22,1.35,1.62,1.63,1.53,1.62
Venezuela (Bolivarian Republic of), Other alcoholic beverages,0.05,0.05,0.07,0.07,0.06,0.05,0.05
Viet Nam, All types,3.1,2.92,2.74,2.66,2.5,2.37,2.18
Viet Nam, Beer,2.83,2.67,2.5,2.43,2.33,2.24,2.07
Viet Nam, Wine,0.02,0.02,0.02,0.02,0.02,0.02,0.02
Viet Nam, Spirits,0.24,0.23,0.21,0.21,0.14,0.11,0.09
Viet Nam, Other alcoholic beverages,0,0,0,0,0,0,0
Yemen, All types,,0.04,0.04,0.04,0.04,0.04,0.05
Yemen, Beer,,0.03,0.03,0.03,0.04,0.03,0.05
Yemen, Wine,,0,0,0,0,0,0
Yemen, Spirits,,0,0,0,0,0,0
Yemen, Other alcoholic beverages,,0,0,0,0,0,0
Zambia, All types,,2.89,2.93,2.81,2.96,2.93,2.95
Zambia, Beer,,1.05,1.08,0.99,0.82,0.7,0.58
Zambia, Wine,,0.08,0.09,0.07,0.06,0.06,0.07
Zambia, Spirits,,0.01,0.01,0.01,0.38,0.34,0.35
Zambia, Other alcoholic beverages,,1.75,1.75,1.75,1.7,1.83,1.95
Zimbabwe, All types,,3.55,3.44,3.34,3.45,3.34,2.92
Zimbabwe, Beer,,2.23,2.12,2.05,2.07,2.05,1.67
Zimbabwe, Wine,,0.05,0.05,0.13,0.09,0.13,0.1
Zimbabwe, Spirits,,0.43,0.43,0.32,0.44,0.32,0.34
Zimbabwe, Other alcoholic beverages,,0.85,0.85,0.83,0.85,0.83,0.81